symbol,cik,fiscal_year,fy_end,currency,fy_end_close,close_date,shares_outstanding,shares_asof,net_income,revenue,gross_profit,operating_income,dep_amort,op_cash_flow,capex,equity,debt,cash,market_cap,enterprise_value,ebitda,fcf,pe,ps,pb,ev_ebitda,fcf_yield,net_margin,gross_margin,revenue_growth_yoy,earnings_growth_yoy,price_source,fundamental_source,status,comment
WELL,0000766704,2021,2021-12-31,USD,85.9,2021-12-30,447279642,2022-02-04,336138000,3197223000,,,1037566000,1275325000,,18596579000,13910273000,346755000,38421321248.0,51984839248.0,,,114.3022,12.0171,2.066,,,0.1051,,-0.3059,-0.6764,Twelve Data time_series adjust=none,SEC EDGAR XBRL companyconcept (latest restated annual),ok,
WELL,0000766704,2022,2022-12-31,USD,65.55,2022-12-30,490643990,2023-02-16,141214000,4173711000,,,1310368000,1328708000,,21009553000,14714483000,722292000,32161713544.0,46153904544.0,,,227.7516,7.7058,1.5308,,,0.0338,,0.3054,-0.5799,Twelve Data time_series adjust=none,SEC EDGAR XBRL companyconcept (latest restated annual),ok,
WELL,0000766704,2023,2023-12-31,USD,90.17,2023-12-29,568878059,2024-02-09,340094000,4753804000,,,1401101000,1601861000,,26081122000,15735549000,2076083000,51295734580.0,64955200580.0,,,150.8281,10.7905,1.9668,,,0.0715,,0.139,1.4084,Twelve Data time_series adjust=none,SEC EDGAR XBRL companyconcept (latest restated annual),ok,
WELL,0000766704,2024,2024-12-31,USD,,,641308062,2025-02-07,951680000,6027149000,,,1632093000,2256421000,,32316366000,15500257000,3711457000,,,,,,,,,,0.1579,,0.2679,1.7983,missing,SEC EDGAR XBRL companyconcept (latest restated annual),partial,twelvedata error: HTTP Error 429: Too Many Requests
WELL,0000766704,2025,2025-12-31,USD,,,697752530,2026-02-06,936845000,8452996000,,,2084868000,2881677000,,42129498000,19197302000,5033678000,,,,,,,,,,0.1108,,0.4025,-0.0156,missing,SEC EDGAR XBRL companyconcept (latest restated annual),partial,twelvedata error: HTTP Error 429: Too Many Requests
PLD,0001045609,2021,2021-12-31,USD,167.97,2021-12-30,740000000,2022-02-07,2939723000,4759440000,,3206996000,1577942000,2996042000,,37742210000,215300000,556000000,124297800000.0,123957100000.0,4784938000,,42.2821,26.1161,3.2933,25.9057,,0.6177,,0.0723,0.9839,Twelve Data time_series adjust=none,SEC EDGAR XBRL companyconcept (latest restated annual),ok,
PLD,0001045609,2022,2022-12-31,USD,112.73,2022-12-30,923429000,2023-02-13,3364856000,5973692000,,3467538000,1812777000,4126430000,,57863093000,23875961000,278000000,104098151170.0,127696112170.0,5280315000,,30.9369,17.4261,1.799,24.1834,,0.5633,,0.2551,0.1446,Twelve Data time_series adjust=none,SEC EDGAR XBRL companyconcept (latest restated annual),ok,
PLD,0001045609,2023,2023-12-31,USD,133.3,2023-12-29,924881000,2024-02-09,3059214000,8023469000,,3707792000,2484891000,5373058000,,57823720000,29000501000,530000000,123286637300.0,151757138300.0,6192683000,,40.3001,15.3658,2.1321,24.5059,,0.3813,,0.3431,-0.0908,Twelve Data time_series adjust=none,SEC EDGAR XBRL companyconcept (latest restated annual),ok,
PLD,0001045609,2024,2024-12-31,USD,,,926860000,2025-02-12,3731635000,8201610000,,4415920000,2580519000,4912209000,,58616770000,30879263000,1318591000,,,6996439000,,,,,,,0.455,,0.0222,0.2198,missing,SEC EDGAR XBRL companyconcept (latest restated annual),partial,twelvedata error: HTTP Error 429: Too Many Requests
PLD,0001045609,2025,2025-12-31,USD,,,929559000,2026-02-11,3328231000,8790127000,,4357864000,2626028000,5008434000,,53193178000,35037073000,1145647000,,,6983892000,,,,,,,0.3786,,0.0718,-0.1081,missing,SEC EDGAR XBRL companyconcept (latest restated annual),partial,twelvedata error: HTTP Error 429: Too Many Requests
EQIX,0001101239,2021,2021-12-31,USD,845.49,2021-12-30,90721039,2022-02-17,500191000,6635537000,,1108162000,1656290000,2547206000,2751512000,10883000000,11722148000,1549000000,76703730357.0,86876878357.0,2764452000,-204306000,153.3489,11.5595,7.048,31.4264,-0.002664,0.0754,,0.1062,0.3527,Twelve Data time_series adjust=none,SEC EDGAR XBRL companyconcept (latest restated annual),ok,
EQIX,0001101239,2022,2022-12-31,USD,655.03,2022-12-30,92744713,2023-02-16,705000000,7263000000,,1200000000,1737000000,2963000000,2278000000,11506000000,12880507000,1908000000,60750572046.0,71723079046.0,2937000000,685000000,86.171,8.3644,5.2799,24.4205,0.011276,0.0971,,0.0946,0.4095,Twelve Data time_series adjust=none,SEC EDGAR XBRL companyconcept (latest restated annual),ok,
EQIX,0001101239,2023,2023-12-31,USD,805.39,2023-12-29,94621449,2024-02-15,969000000,8188000000,,1443000000,1845000000,3217000000,2781000000,12489000000,13840646000,2096000000,76207169756.0,87951815756.0,3288000000,436000000,78.6452,9.3072,6.1019,26.7493,0.005721,0.1183,,0.1274,0.3745,Twelve Data time_series adjust=none,SEC EDGAR XBRL companyconcept (latest restated annual),ok,
EQIX,0001101239,2024,2024-12-31,USD,,,97332005,2025-02-11,815000000,8748000000,,1328000000,2009000000,3249000000,3066000000,13527000000,15334000000,3082000000,,,3337000000,183000000,,,,,,0.0932,,0.0684,-0.1589,missing,SEC EDGAR XBRL companyconcept (latest restated annual),partial,twelvedata error: HTTP Error 429: Too Many Requests
EQIX,0001101239,2025,2025-12-31,USD,,,98254928,2026-02-10,1350000000,9217000000,,1848000000,2050000000,3911000000,4311000000,14156000000,,1727000000,,,3898000000,-400000000,,,,,,0.1465,,0.0536,0.6564,missing,SEC EDGAR XBRL companyconcept (latest restated annual),partial,twelvedata error: HTTP Error 429: Too Many Requests
AMT,0001053507,2021,2021-12-31,USD,291.14,2021-12-30,455884806,2022-02-17,2567600000,717200000,,3132000000,2332600000,4819900000,1376700000,9069600000,38685500000,2343300000,132726306978.0,169068506978.0,5464600000,3443200000,51.6928,185.0618,14.6342,30.9389,0.025942,3.58,,0.4468,0.5179,Twelve Data time_series adjust=none,SEC EDGAR XBRL companyconcept (latest restated annual),ok,
AMT,0001053507,2022,2022-12-31,USD,211.86,2022-12-30,465646055,2023-02-16,1696700000,840700000,,2738600000,3164900000,3696200000,1873600000,12408500000,34156000000,2140700000,98651773212.0,130667073212.0,5903500000,1822600000,58.1433,117.3448,7.9503,22.1338,0.018475,2.0182,,0.1722,-0.3392,Twelve Data time_series adjust=none,SEC EDGAR XBRL companyconcept (latest restated annual),ok,
AMT,0001053507,2023,2023-12-31,USD,215.88,2023-12-29,466352208,2024-02-20,1367100000,747300000,,3125500000,2928500000,4722400000,1798100000,10865400000,35734000000,1753700000,100676114663.0,134656414663.0,6054000000,2924300000,73.6421,134.7198,9.2658,22.2426,0.029047,1.8294,,-0.1111,-0.1943,Twelve Data time_series adjust=none,SEC EDGAR XBRL companyconcept (latest restated annual),ok,
AMT,0001053507,2024,2024-12-31,USD,,,467457256,2025-02-18,2280200000,774600000,,4516500000,2028800000,5290500000,1590000000,9648700000,32808800000,2108200000,,,6545300000,3700500000,,,,,,2.9437,,0.0365,0.6679,missing,SEC EDGAR XBRL companyconcept (latest restated annual),partial,twelvedata error: HTTP Error 429: Too Many Requests
AMT,0001053507,2025,2025-12-31,USD,,,466084820,2026-02-17,2628500000,935900000,,4845800000,2041600000,5464000000,1680400000,3652500000,33832500000,1474800000,,,6887400000,3783600000,,,,,,2.8085,,0.2082,0.1527,missing,SEC EDGAR XBRL companyconcept (latest restated annual),partial,twelvedata error: HTTP Error 429: Too Many Requests
O,0000726728,2021,2021-12-31,USD,,,591320553,2022-02-11,359456000,2080463000,,,897835000,1322189000,,25129400000,,332369000,,,,,,,,,,0.1728,,0.2631,-0.0911,missing,SEC EDGAR XBRL companyconcept (latest restated annual),partial,twelvedata error: HTTP Error 429: Too Many Requests
O,0000726728,2022,2022-12-31,USD,63.43,2022-12-30,660520906,2023-02-15,869408000,3343681000,,,1670389000,2563856000,,28843289000,,226881000,41896841068.0,41669960068.0,,,48.1901,12.5302,1.4526,,,0.26,,0.6072,1.4187,Twelve Data time_series adjust=none,SEC EDGAR XBRL companyconcept (latest restated annual),ok,
O,0000726728,2023,2023-12-31,USD,57.42,2023-12-29,861123757,2024-02-15,872309000,4078993000,,,1895177000,2958769000,,33106969000,,292175000,49445726127.0,49153551127.0,,,56.6837,12.122,1.4935,,,0.2139,,0.2199,0.0033,Twelve Data time_series adjust=none,SEC EDGAR XBRL companyconcept (latest restated annual),ok,
O,0000726728,2024,2024-12-31,USD,52.73,2024-12-30,891516161,2025-02-20,860772000,5271142000,,,2395644000,3573276000,,39051686000,,495505000,47009647170.0,46514142170.0,,,54.6134,8.9183,1.2038,,,0.1633,,0.2923,-0.0132,Twelve Data time_series adjust=none,SEC EDGAR XBRL companyconcept (latest restated annual),ok,
O,0000726728,2025,2025-12-31,USD,,,932440218,2026-02-20,1058590000,5749377000,,,2524200000,3994754000,,39438695000,,434842000,,,,,,,,,,0.1841,,0.0907,0.2298,missing,SEC EDGAR XBRL companyconcept (latest restated annual),partial,twelvedata error: HTTP Error 429: Too Many Requests
DLR,0001297996,2021,2021-12-31,USD,,,284469103,2022-02-22,1747412000,4427882000,,694009000,1486632000,1702228000,,18476787000,,151485000,,,2180641000,,,,,,,0.3946,,0.1343,3.903,missing,SEC EDGAR XBRL companyconcept (latest restated annual),partial,twelvedata error: HTTP Error 429: Too Many Requests
DLR,0001297996,2022,2022-12-31,USD,100.27,2022-12-30,291157152,2023-02-21,380325000,4691834000,,589968000,1577933000,1659388000,,18107465000,,150696000,29194327631.0,29043631631.0,2167901000,,76.7615,6.2224,1.6123,13.3971,,0.0811,,0.0596,-0.7823,Twelve Data time_series adjust=none,SEC EDGAR XBRL companyconcept (latest restated annual),ok,
DLR,0001297996,2023,2023-12-31,USD,134.58,2023-12-29,312293563,2024-02-21,950312000,5477061000,,524461000,1694859000,1634780000,,19601507000,,1625495000,42028467709.0,40402972709.0,2219320000,,44.226,7.6735,2.1441,18.2051,,0.1735,,0.1674,1.4987,Twelve Data time_series adjust=none,SEC EDGAR XBRL companyconcept (latest restated annual),ok,
DLR,0001297996,2024,2024-12-31,USD,176.22,2024-12-30,336644245,2025-02-18,588327000,5554968000,,471864000,1771797000,2261477000,,21742595000,,3876700000,59323448854.0,55446748854.0,2243661000,,100.8341,10.6794,2.7284,24.7126,,0.1059,,0.0142,-0.3809,Twelve Data time_series adjust=none,SEC EDGAR XBRL companyconcept (latest restated annual),ok,
DLR,0001297996,2025,2025-12-31,USD,,,343615444,2026-02-09,1313165000,6112692000,,658492000,1894636000,2412136000,,22925663000,,3451647000,,,2553128000,,,,,,,0.2148,,0.1004,1.232,missing,SEC EDGAR XBRL companyconcept (latest restated annual),partial,twelvedata error: HTTP Error 429: Too Many Requests
VICI,0001705696,2021,2021-12-31,USD,,,748390629,2022-02-22,1013851000,1509568000,,,,896350000,,12187174000,4694523000,739614000,,,,,,,,,,0.6716,,0.2317,0.137,missing,SEC EDGAR XBRL companyconcept (latest restated annual),partial,twelvedata error: HTTP Error 429: Too Many Requests
VICI,0001705696,2022,2022-12-31,USD,32.4,2022-12-30,1003674749,2023-02-21,1117635000,2600697000,,,,1943396000,,22290113000,13739675000,208933000,32519061868.0,46049803868.0,,,29.0963,12.504,1.4589,,,0.4297,,0.7228,0.1024,Twelve Data time_series adjust=none,SEC EDGAR XBRL companyconcept (latest restated annual),ok,
VICI,0001705696,2023,2023-12-31,USD,31.88,2023-12-29,1042679525,2024-02-21,2513540000,3611988000,,,,2181009000,,25657774000,16724125000,522574000,33240623257.0,49442174257.0,,,13.2246,9.2029,1.2955,,,0.6959,,0.3889,1.249,Twelve Data time_series adjust=none,SEC EDGAR XBRL companyconcept (latest restated annual),ok,
VICI,0001705696,2024,2024-12-31,USD,29.01,2024-12-30,1056339141,2025-02-19,2678810000,3849205000,,,,2381498000,,26951801000,16732889000,524615000,30644398480.0,46852672480.0,,,11.4396,7.9612,1.137,,,0.6959,,0.0657,0.0658,Twelve Data time_series adjust=none,SEC EDGAR XBRL companyconcept (latest restated annual),ok,
VICI,0001705696,2025,2025-12-31,USD,28.34,2025-12-30,1068737299,2026-02-24,2775493000,4006116000,,,,2509991000,,27797640000,16773241000,563479000,30288015054.0,46497777054.0,,,10.9127,7.5604,1.0896,,,0.6928,,0.0408,0.0361,Twelve Data time_series adjust=none,SEC EDGAR XBRL companyconcept (latest restated annual),ok,
BASKET_AVG,,2021,,USD,,,,,,,,,,,,,,,,,,,90.4065,58.6886,6.7604,29.4237,0.025942,0.8025,,0.1355,0.7324,,basket average across semis companies for this FY,aggregate,average over 7 companies with data; excluded from price metrics: none
BASKET_AVG,,2022,,USD,,,,,,,,,,,,,,,,,,,79.5787,26.014,3.012,21.0337,0.014875,0.4976,,0.3167,0.0534,,basket average across semis companies for this FY,aggregate,average over 7 companies with data; excluded from price metrics: none
BASKET_AVG,,2023,,USD,,,,,,,,,,,,,,,,,,,65.3643,28.4545,3.4857,22.9257,0.017384,0.4977,,0.1821,0.607,,basket average across semis companies for this FY,aggregate,average over 7 companies with data; excluded from price metrics: none
BASKET_AVG,,2024,,USD,,,,,,,,,,,,,,,,,,,55.629,9.1863,1.6897,24.7126,,0.6593,,0.1096,0.3141,,basket average across semis companies for this FY,aggregate,average over 7 companies with data; excluded from price metrics: none
BASKET_AVG,,2025,,USD,,,,,,,,,,,,,,,,,,,10.9127,7.5604,1.0896,,,0.648,,0.1383,0.3119,,basket average across semis companies for this FY,aggregate,average over 7 companies with data; excluded from price metrics: none
BASKET_AVG,,five_year_average,,USD,,,,,,,,,,,,,,,,,,,70.6376,29.5979,3.5765,24.0684,0.018092,0.621,,0.1764,0.4038,,"five-year (FY2021-FY2025) basket norm, pooled across all company-FY observations",aggregate,USD-fundamental companies only for price ratios; excluded from price metrics: none
