anchor_date,actual_trading_date,sector,symbol,provider,kind,open,high,low,close,volume,source,status,comment
2026-02-28,2026-02-27,Energy,XOM,fmp,sector_company,151,153.65,149.25,152.5,30275132,Financial Modeling Prep stable historical-price-eod/full,ok,previous trading day for anchor 2026-02-28
2026-03-10,2026-03-10,Energy,XOM,fmp,sector_company,149.25,150.4,147.7,148.13,19617600,Financial Modeling Prep stable historical-price-eod/full,ok,
2026-03-20,2026-03-20,Energy,XOM,fmp,sector_company,159.35,162.44,159.1,159.67,53942143,Financial Modeling Prep stable historical-price-eod/full,ok,
2026-03-30,2026-03-30,Energy,XOM,fmp,sector_company,172.51,176.41,171.05,171.47,29813504,Financial Modeling Prep stable historical-price-eod/full,ok,
2026-04-10,2026-04-10,Energy,XOM,fmp,sector_company,154.04,155.12,151.92,152.51,21065019,Financial Modeling Prep stable historical-price-eod/full,ok,
2026-04-20,2026-04-20,Energy,XOM,fmp,sector_company,147.38,149.37,146.35,147.68,16354430,Financial Modeling Prep stable historical-price-eod/full,ok,
2026-04-30,2026-04-30,Energy,XOM,fmp,sector_company,152.43,155.69,151.34,154.33,22885900,Financial Modeling Prep stable historical-price-eod/full,ok,
2026-05-10,2026-05-08,Energy,XOM,fmp,sector_company,145.85,146.5,143.92,144.57,19550100,Financial Modeling Prep stable historical-price-eod/full,ok,previous trading day for anchor 2026-05-10
2026-05-20,2026-05-20,Energy,XOM,fmp,sector_company,161.61,163.68,156.27,156.28,18509731,Financial Modeling Prep stable historical-price-eod/full,ok,
2026-05-30,2026-05-29,Energy,XOM,fmp,sector_company,146.19,146.93,144.71,145.26,27959900,Financial Modeling Prep stable historical-price-eod/full,ok,previous trading day for anchor 2026-05-30
2026-02-28,2026-02-27,Energy,CVX,fmp,sector_company,186,187.55,183.77,186.76,12035508,Financial Modeling Prep stable historical-price-eod/full,ok,previous trading day for anchor 2026-02-28
2026-03-10,2026-03-10,Energy,CVX,fmp,sector_company,188.63,189.18,185.64,186.29,11999600,Financial Modeling Prep stable historical-price-eod/full,ok,
2026-03-20,2026-03-20,Energy,CVX,fmp,sector_company,201.4,205.08,201,201.73,35849500,Financial Modeling Prep stable historical-price-eod/full,ok,
2026-03-30,2026-03-30,Energy,CVX,fmp,sector_company,213.26,214.71,210.29,210.71,10409045,Financial Modeling Prep stable historical-price-eod/full,ok,
2026-04-10,2026-04-10,Energy,CVX,fmp,sector_company,189.71,190.96,186.47,188.55,11151400,Financial Modeling Prep stable historical-price-eod/full,ok,
2026-04-20,2026-04-20,Energy,CVX,fmp,sector_company,184.5,186.27,182.83,183.25,9661126,Financial Modeling Prep stable historical-price-eod/full,ok,
2026-04-30,2026-04-30,Energy,CVX,fmp,sector_company,190.25,194.13,188.5,193.31,11748636,Financial Modeling Prep stable historical-price-eod/full,ok,
2026-05-10,2026-05-08,Energy,CVX,fmp,sector_company,182.04,182.73,180.74,181.62,13053000,Financial Modeling Prep stable historical-price-eod/full,ok,previous trading day for anchor 2026-05-10
2026-05-20,2026-05-20,Energy,CVX,fmp,sector_company,196.25,198.19,191.27,191.33,14564900,Financial Modeling Prep stable historical-price-eod/full,ok,
2026-05-30,2026-05-29,Energy,CVX,fmp,sector_company,182.72,182.97,180.4,182.46,13894029,Financial Modeling Prep stable historical-price-eod/full,ok,previous trading day for anchor 2026-05-30
2026-02-28,2026-02-27,Energy,COP,twelve_data,sector_company,112.40000,113.79000,111.059998,113.46000,9009900,Twelve Data time_series,ok,fallback after FMP error: HTTP 402: Premium Query Parameter: 'Special Endpoint : This value set for 'symbol' is not available under your current subscription please visit our subscription page to upgrade your plan at https://financialmodelingprep.com/; previous trading day for anchor 2026-02-28
2026-03-10,2026-03-10,Energy,COP,twelve_data,sector_company,116.12000,116.54000,112.93000,114.15000,13917900,Twelve Data time_series,ok,fallback after FMP error: HTTP 402: Premium Query Parameter: 'Special Endpoint : This value set for 'symbol' is not available under your current subscription please visit our subscription page to upgrade your plan at https://financialmodelingprep.com/
2026-03-20,2026-03-20,Energy,COP,twelve_data,sector_company,126.30000,128.13000,126.11000,126.92000,31964000,Twelve Data time_series,ok,fallback after FMP error: HTTP 402: Premium Query Parameter: 'Special Endpoint : This value set for 'symbol' is not available under your current subscription please visit our subscription page to upgrade your plan at https://financialmodelingprep.com/
2026-03-30,2026-03-30,Energy,COP,twelve_data,sector_company,135.14999,135.87000,131.91000,132.89000,8913900,Twelve Data time_series,ok,fallback after FMP error: HTTP 402: Premium Query Parameter: 'Special Endpoint : This value set for 'symbol' is not available under your current subscription please visit our subscription page to upgrade your plan at https://financialmodelingprep.com/
2026-04-10,2026-04-10,Energy,COP,twelve_data,sector_company,123.30000,124.050003,121.32000,122.55000,10487700,Twelve Data time_series,ok,fallback after FMP error: HTTP 402: Premium Query Parameter: 'Special Endpoint : This value set for 'symbol' is not available under your current subscription please visit our subscription page to upgrade your plan at https://financialmodelingprep.com/
2026-04-20,2026-04-20,Energy,COP,twelve_data,sector_company,116.84000,118.22000,116.070000,116.45000,6124700,Twelve Data time_series,ok,fallback after FMP error: HTTP 402: Premium Query Parameter: 'Special Endpoint : This value set for 'symbol' is not available under your current subscription please visit our subscription page to upgrade your plan at https://financialmodelingprep.com/
2026-04-30,2026-04-30,Energy,COP,twelve_data,sector_company,124.54000,128.10001,123.77000,125.78000,11948000,Twelve Data time_series,ok,fallback after FMP error: HTTP 402: Premium Query Parameter: 'Special Endpoint : This value set for 'symbol' is not available under your current subscription please visit our subscription page to upgrade your plan at https://financialmodelingprep.com/
2026-05-10,2026-05-08,Energy,COP,twelve_data,sector_company,114.64000,115.49000,113.62000,113.87000,8009500,Twelve Data time_series,ok,fallback after FMP error: HTTP 402: Premium Query Parameter: 'Special Endpoint : This value set for 'symbol' is not available under your current subscription please visit our subscription page to upgrade your plan at https://financialmodelingprep.com/; previous trading day for anchor 2026-05-10
2026-05-20,2026-05-20,Energy,COP,twelve_data,sector_company,124.27000,126,121.77000,122.36000,5665700,Twelve Data time_series,ok,fallback after FMP error: HTTP 402: Premium Query Parameter: 'Special Endpoint : This value set for 'symbol' is not available under your current subscription please visit our subscription page to upgrade your plan at https://financialmodelingprep.com/
2026-05-30,2026-05-29,Energy,COP,twelve_data,sector_company,114.12000,114.55000,112.64000,113.98000,12401400,Twelve Data time_series,ok,fallback after FMP error: HTTP 402: Premium Query Parameter: 'Special Endpoint : This value set for 'symbol' is not available under your current subscription please visit our subscription page to upgrade your plan at https://financialmodelingprep.com/; previous trading day for anchor 2026-05-30
2026-02-28,2026-02-27,Energy,EOG,twelve_data,sector_company,122.51000,124.32000,120.48000,124.080002,6899700,Twelve Data time_series,ok,fallback after FMP error: HTTP 402: Premium Query Parameter: 'Special Endpoint : This value set for 'symbol' is not available under your current subscription please visit our subscription page to upgrade your plan at https://financialmodelingprep.com/; previous trading day for anchor 2026-02-28
2026-03-10,2026-03-10,Energy,EOG,twelve_data,sector_company,130.19000,130.86000,126.94000,127.89000,6669600,Twelve Data time_series,ok,fallback after FMP error: HTTP 402: Premium Query Parameter: 'Special Endpoint : This value set for 'symbol' is not available under your current subscription please visit our subscription page to upgrade your plan at https://financialmodelingprep.com/
2026-03-20,2026-03-20,Energy,EOG,twelve_data,sector_company,139.35001,140.92000,138.25,138.73000,15690100,Twelve Data time_series,ok,fallback after FMP error: HTTP 402: Premium Query Parameter: 'Special Endpoint : This value set for 'symbol' is not available under your current subscription please visit our subscription page to upgrade your plan at https://financialmodelingprep.com/
2026-03-30,2026-03-30,Energy,EOG,twelve_data,sector_company,151.029999,151.87000,149.39000,149.89000,4966000,Twelve Data time_series,ok,fallback after FMP error: HTTP 402: Premium Query Parameter: 'Special Endpoint : This value set for 'symbol' is not available under your current subscription please visit our subscription page to upgrade your plan at https://financialmodelingprep.com/
2026-04-10,2026-04-10,Energy,EOG,twelve_data,sector_company,135.0099945,137.039993,134.30000,136.19000,3092100,Twelve Data time_series,ok,fallback after FMP error: HTTP 402: Premium Query Parameter: 'Special Endpoint : This value set for 'symbol' is not available under your current subscription please visit our subscription page to upgrade your plan at https://financialmodelingprep.com/
2026-04-20,2026-04-20,Energy,EOG,twelve_data,sector_company,128.72000,130.12000,128.020004,129.16000,4408800,Twelve Data time_series,ok,fallback after FMP error: HTTP 402: Premium Query Parameter: 'Special Endpoint : This value set for 'symbol' is not available under your current subscription please visit our subscription page to upgrade your plan at https://financialmodelingprep.com/
2026-04-30,2026-04-30,Energy,EOG,twelve_data,sector_company,136.73000,140.97000,136,140.57001,3809500,Twelve Data time_series,ok,fallback after FMP error: HTTP 402: Premium Query Parameter: 'Special Endpoint : This value set for 'symbol' is not available under your current subscription please visit our subscription page to upgrade your plan at https://financialmodelingprep.com/
2026-05-10,2026-05-08,Energy,EOG,twelve_data,sector_company,130.53000,131.56000,129.20000,130.029999,3593600,Twelve Data time_series,ok,fallback after FMP error: HTTP 402: Premium Query Parameter: 'Special Endpoint : This value set for 'symbol' is not available under your current subscription please visit our subscription page to upgrade your plan at https://financialmodelingprep.com/; previous trading day for anchor 2026-05-10
2026-05-20,2026-05-20,Energy,EOG,twelve_data,sector_company,143.87000,145.70000,140.22000,141.63000,3499700,Twelve Data time_series,ok,fallback after FMP error: HTTP 402: Premium Query Parameter: 'Special Endpoint : This value set for 'symbol' is not available under your current subscription please visit our subscription page to upgrade your plan at https://financialmodelingprep.com/
2026-05-30,2026-05-29,Energy,EOG,twelve_data,sector_company,132.74001,134.41000,132.14999,133.38000,7668400,Twelve Data time_series,ok,fallback after FMP error: HTTP 402: Premium Query Parameter: 'Special Endpoint : This value set for 'symbol' is not available under your current subscription please visit our subscription page to upgrade your plan at https://financialmodelingprep.com/; previous trading day for anchor 2026-05-30
2026-02-28,2026-02-27,Energy,SHEL,twelve_data,sector_company,82.77000,83.66500,82.19000,83.51000,6221807,Twelve Data time_series,ok,fallback after FMP error: HTTP 402: Premium Query Parameter: 'Special Endpoint : This value set for 'symbol' is not available under your current subscription please visit our subscription page to upgrade your plan at https://financialmodelingprep.com/; previous trading day for anchor 2026-02-28
2026-03-10,2026-03-10,Energy,SHEL,twelve_data,sector_company,85.59000,86.12000,84.41000,85.11000,8614182,Twelve Data time_series,ok,fallback after FMP error: HTTP 402: Premium Query Parameter: 'Special Endpoint : This value set for 'symbol' is not available under your current subscription please visit our subscription page to upgrade your plan at https://financialmodelingprep.com/
2026-03-20,2026-03-20,Energy,SHEL,twelve_data,sector_company,91.31000,92.27000,90.18000,90.44000,11218066,Twelve Data time_series,ok,fallback after FMP error: HTTP 402: Premium Query Parameter: 'Special Endpoint : This value set for 'symbol' is not available under your current subscription please visit our subscription page to upgrade your plan at https://financialmodelingprep.com/
2026-03-30,2026-03-30,Energy,SHEL,twelve_data,sector_company,93.5,94.095001,92.45000,92.74000,9060849,Twelve Data time_series,ok,fallback after FMP error: HTTP 402: Premium Query Parameter: 'Special Endpoint : This value set for 'symbol' is not available under your current subscription please visit our subscription page to upgrade your plan at https://financialmodelingprep.com/
2026-04-10,2026-04-10,Energy,SHEL,twelve_data,sector_company,91.31000,92.51500,91.099998,92.21000,5423975,Twelve Data time_series,ok,fallback after FMP error: HTTP 402: Premium Query Parameter: 'Special Endpoint : This value set for 'symbol' is not available under your current subscription please visit our subscription page to upgrade your plan at https://financialmodelingprep.com/
2026-04-20,2026-04-20,Energy,SHEL,twelve_data,sector_company,87.92000,88.66000,87.58000,88,5159823,Twelve Data time_series,ok,fallback after FMP error: HTTP 402: Premium Query Parameter: 'Special Endpoint : This value set for 'symbol' is not available under your current subscription please visit our subscription page to upgrade your plan at https://financialmodelingprep.com/
2026-04-30,2026-04-30,Energy,SHEL,twelve_data,sector_company,89.059998,90.91000,88.73000,90.67000,9432383,Twelve Data time_series,ok,fallback after FMP error: HTTP 402: Premium Query Parameter: 'Special Endpoint : This value set for 'symbol' is not available under your current subscription please visit our subscription page to upgrade your plan at https://financialmodelingprep.com/
2026-05-10,2026-05-08,Energy,SHEL,twelve_data,sector_company,84.30000,84.77000,83.82000,83.97000,5727231,Twelve Data time_series,ok,fallback after FMP error: HTTP 402: Premium Query Parameter: 'Special Endpoint : This value set for 'symbol' is not available under your current subscription please visit our subscription page to upgrade your plan at https://financialmodelingprep.com/; previous trading day for anchor 2026-05-10
2026-05-20,2026-05-20,Energy,SHEL,twelve_data,sector_company,88.31000,88.72000,86.66000,86.72000,7475147,Twelve Data time_series,ok,fallback after FMP error: HTTP 402: Premium Query Parameter: 'Special Endpoint : This value set for 'symbol' is not available under your current subscription please visit our subscription page to upgrade your plan at https://financialmodelingprep.com/
2026-05-30,2026-05-29,Energy,SHEL,twelve_data,sector_company,84.36500,84.41000,83.64000,84.12000,8582251,Twelve Data time_series,ok,fallback after FMP error: HTTP 402: Premium Query Parameter: 'Special Endpoint : This value set for 'symbol' is not available under your current subscription please visit our subscription page to upgrade your plan at https://financialmodelingprep.com/; previous trading day for anchor 2026-05-30
2026-02-28,2026-02-27,Energy,TTE,twelve_data,sector_company,80.040001,80.36000,79.39000,80.34000,1234900,Twelve Data time_series,ok,fallback after FMP error: HTTP 402: Premium Query Parameter: 'Special Endpoint : This value set for 'symbol' is not available under your current subscription please visit our subscription page to upgrade your plan at https://financialmodelingprep.com/; previous trading day for anchor 2026-02-28
2026-03-10,2026-03-10,Energy,TTE,twelve_data,sector_company,79.75,80.70000,79.58000,80.080002,4139600,Twelve Data time_series,ok,fallback after FMP error: HTTP 402: Premium Query Parameter: 'Special Endpoint : This value set for 'symbol' is not available under your current subscription please visit our subscription page to upgrade your plan at https://financialmodelingprep.com/
2026-03-20,2026-03-20,Energy,TTE,twelve_data,sector_company,89.29000,89.62000,88.14000,88.75,2946400,Twelve Data time_series,ok,fallback after FMP error: HTTP 402: Premium Query Parameter: 'Special Endpoint : This value set for 'symbol' is not available under your current subscription please visit our subscription page to upgrade your plan at https://financialmodelingprep.com/
2026-03-30,2026-03-30,Energy,TTE,twelve_data,sector_company,91.80000,92.95000,90.91000,91.55000,1892500,Twelve Data time_series,ok,fallback after FMP error: HTTP 402: Premium Query Parameter: 'Special Endpoint : This value set for 'symbol' is not available under your current subscription please visit our subscription page to upgrade your plan at https://financialmodelingprep.com/
2026-04-10,2026-04-10,Energy,TTE,twelve_data,sector_company,90.68000,92.73000,90.48000,92.65000,3797800,Twelve Data time_series,ok,fallback after FMP error: HTTP 402: Premium Query Parameter: 'Special Endpoint : This value set for 'symbol' is not available under your current subscription please visit our subscription page to upgrade your plan at https://financialmodelingprep.com/
2026-04-20,2026-04-20,Energy,TTE,twelve_data,sector_company,87.28000,87.87000,87.14000,87.31000,1233300,Twelve Data time_series,ok,fallback after FMP error: HTTP 402: Premium Query Parameter: 'Special Endpoint : This value set for 'symbol' is not available under your current subscription please visit our subscription page to upgrade your plan at https://financialmodelingprep.com/
2026-04-30,2026-04-30,Energy,TTE,twelve_data,sector_company,91.24000,93.67000,91.21000,92.71000,2451100,Twelve Data time_series,ok,fallback after FMP error: HTTP 402: Premium Query Parameter: 'Special Endpoint : This value set for 'symbol' is not available under your current subscription please visit our subscription page to upgrade your plan at https://financialmodelingprep.com/
2026-05-10,2026-05-08,Energy,TTE,twelve_data,sector_company,88.95000,89.39000,88.47000,88.48000,840400,Twelve Data time_series,ok,fallback after FMP error: HTTP 402: Premium Query Parameter: 'Special Endpoint : This value set for 'symbol' is not available under your current subscription please visit our subscription page to upgrade your plan at https://financialmodelingprep.com/; previous trading day for anchor 2026-05-10
2026-05-20,2026-05-20,Energy,TTE,twelve_data,sector_company,93.60000,94.16000,92,92.54000,1120000,Twelve Data time_series,ok,fallback after FMP error: HTTP 402: Premium Query Parameter: 'Special Endpoint : This value set for 'symbol' is not available under your current subscription please visit our subscription page to upgrade your plan at https://financialmodelingprep.com/
2026-05-30,2026-05-29,Energy,TTE,twelve_data,sector_company,87.61000,87.92000,86.66000,87.32000,1829000,Twelve Data time_series,ok,fallback after FMP error: HTTP 402: Premium Query Parameter: 'Special Endpoint : This value set for 'symbol' is not available under your current subscription please visit our subscription page to upgrade your plan at https://financialmodelingprep.com/; previous trading day for anchor 2026-05-30
2026-02-28,2026-02-27,Energy,SLB,twelve_data,sector_company,51.60000,52,50.83000,51.34000,16691400,Twelve Data time_series,ok,fallback after FMP error: HTTP 402: Premium Query Parameter: 'Special Endpoint : This value set for 'symbol' is not available under your current subscription please visit our subscription page to upgrade your plan at https://financialmodelingprep.com/; previous trading day for anchor 2026-02-28
2026-03-10,2026-03-10,Energy,SLB,twelve_data,sector_company,47.13000,48.52000,46.70000,48.11000,18112700,Twelve Data time_series,ok,fallback after FMP error: HTTP 402: Premium Query Parameter: 'Special Endpoint : This value set for 'symbol' is not available under your current subscription please visit our subscription page to upgrade your plan at https://financialmodelingprep.com/
2026-03-20,2026-03-20,Energy,SLB,twelve_data,sector_company,48.0099983,48.48000,46.38000,46.63000,65344800,Twelve Data time_series,ok,fallback after FMP error: HTTP 402: Premium Query Parameter: 'Special Endpoint : This value set for 'symbol' is not available under your current subscription please visit our subscription page to upgrade your plan at https://financialmodelingprep.com/
2026-03-30,2026-03-30,Energy,SLB,twelve_data,sector_company,54.30000,54.80000,51.31000,51.53000,20578800,Twelve Data time_series,ok,fallback after FMP error: HTTP 402: Premium Query Parameter: 'Special Endpoint : This value set for 'symbol' is not available under your current subscription please visit our subscription page to upgrade your plan at https://financialmodelingprep.com/
2026-04-10,2026-04-10,Energy,SLB,twelve_data,sector_company,52.56000,53.75,51.68000,51.92000,13219900,Twelve Data time_series,ok,fallback after FMP error: HTTP 402: Premium Query Parameter: 'Special Endpoint : This value set for 'symbol' is not available under your current subscription please visit our subscription page to upgrade your plan at https://financialmodelingprep.com/
2026-04-20,2026-04-20,Energy,SLB,twelve_data,sector_company,52.39000,53.16000,51.26000,52.20000,15347100,Twelve Data time_series,ok,fallback after FMP error: HTTP 402: Premium Query Parameter: 'Special Endpoint : This value set for 'symbol' is not available under your current subscription please visit our subscription page to upgrade your plan at https://financialmodelingprep.com/
2026-04-30,2026-04-30,Energy,SLB,twelve_data,sector_company,55.25,57.049999,55.099998,56.88000,13798800,Twelve Data time_series,ok,fallback after FMP error: HTTP 402: Premium Query Parameter: 'Special Endpoint : This value set for 'symbol' is not available under your current subscription please visit our subscription page to upgrade your plan at https://financialmodelingprep.com/
2026-05-10,2026-05-08,Energy,SLB,twelve_data,sector_company,53.18000,53.89000,52.73000,53.27000,10534100,Twelve Data time_series,ok,fallback after FMP error: HTTP 402: Premium Query Parameter: 'Special Endpoint : This value set for 'symbol' is not available under your current subscription please visit our subscription page to upgrade your plan at https://financialmodelingprep.com/; previous trading day for anchor 2026-05-10
2026-05-20,2026-05-20,Energy,SLB,twelve_data,sector_company,56.87000,57.70000,56.60000,57.28000,11128300,Twelve Data time_series,ok,fallback after FMP error: HTTP 402: Premium Query Parameter: 'Special Endpoint : This value set for 'symbol' is not available under your current subscription please visit our subscription page to upgrade your plan at https://financialmodelingprep.com/
2026-05-30,2026-05-29,Energy,SLB,twelve_data,sector_company,54.81000,55.17000,54.36000,54.55000,31216600,Twelve Data time_series,ok,fallback after FMP error: HTTP 402: Premium Query Parameter: 'Special Endpoint : This value set for 'symbol' is not available under your current subscription please visit our subscription page to upgrade your plan at https://financialmodelingprep.com/; previous trading day for anchor 2026-05-30
