anchor_date,sector,metric,raw_field,calculation_mode,metric_weight,normalized_weight,raw_average,raw_calibration_average,calibration_date,calibration_coefficient,metric_coefficient,company_count,symbols,baseline_source,status,source,method,comment
2026-02-28,Banks,forward_pe,,readme_calibration,0.2,,,,2026-05-30,1.159,,0,,,missing_raw_metric,SEC EDGAR point-in-time raw fundamentals plus sector_metric_baselines.csv where available; fallback to sector README 2026-05-30 calibration coefficients,preview: company_baseline uses raw company metric / 5Y company baseline; readme_calibration fallback uses calibration_coefficient * raw_metric(date) / raw_metric(calibration_date); yield inputs are transformed or inverted as needed,metric is not available in SEC-derived raw fundamentals yet
2026-02-28,Banks,p_tbv,,readme_calibration,0.25,,,,2026-05-30,1.491,,0,,,missing_raw_metric,SEC EDGAR point-in-time raw fundamentals plus sector_metric_baselines.csv where available; fallback to sector README 2026-05-30 calibration coefficients,preview: company_baseline uses raw company metric / 5Y company baseline; readme_calibration fallback uses calibration_coefficient * raw_metric(date) / raw_metric(calibration_date); yield inputs are transformed or inverted as needed,metric is not available in SEC-derived raw fundamentals yet
2026-02-28,Banks,pb,pb,company_baseline,0.35,0.636364,1.74628,1.334,2026-05-30,1.635,1.319648,5,"BAC,C,GS,JPM,MS",StockAnalysis financial ratios,ok,SEC EDGAR point-in-time raw fundamentals plus sector_metric_baselines.csv where available; fallback to sector README 2026-05-30 calibration coefficients,preview: company_baseline uses raw company metric / 5Y company baseline; readme_calibration fallback uses calibration_coefficient * raw_metric(date) / raw_metric(calibration_date); yield inputs are transformed or inverted as needed,
2026-02-28,Banks,pe,pe,company_baseline,0.2,0.363636,13.98486,12.764,2026-05-30,1.265,1.104061,5,"BAC,C,GS,JPM,MS",StockAnalysis financial ratios,ok,SEC EDGAR point-in-time raw fundamentals plus sector_metric_baselines.csv where available; fallback to sector README 2026-05-30 calibration coefficients,preview: company_baseline uses raw company metric / 5Y company baseline; readme_calibration fallback uses calibration_coefficient * raw_metric(date) / raw_metric(calibration_date); yield inputs are transformed or inverted as needed,
2026-03-10,Banks,forward_pe,,readme_calibration,0.2,,,,2026-05-30,1.159,,0,,,missing_raw_metric,SEC EDGAR point-in-time raw fundamentals plus sector_metric_baselines.csv where available; fallback to sector README 2026-05-30 calibration coefficients,preview: company_baseline uses raw company metric / 5Y company baseline; readme_calibration fallback uses calibration_coefficient * raw_metric(date) / raw_metric(calibration_date); yield inputs are transformed or inverted as needed,metric is not available in SEC-derived raw fundamentals yet
2026-03-10,Banks,p_tbv,,readme_calibration,0.25,,,,2026-05-30,1.491,,0,,,missing_raw_metric,SEC EDGAR point-in-time raw fundamentals plus sector_metric_baselines.csv where available; fallback to sector README 2026-05-30 calibration coefficients,preview: company_baseline uses raw company metric / 5Y company baseline; readme_calibration fallback uses calibration_coefficient * raw_metric(date) / raw_metric(calibration_date); yield inputs are transformed or inverted as needed,metric is not available in SEC-derived raw fundamentals yet
2026-03-10,Banks,pb,pb,company_baseline,0.35,0.636364,1.6924,1.334,2026-05-30,1.635,1.283162,5,"BAC,C,GS,JPM,MS",StockAnalysis financial ratios,ok,SEC EDGAR point-in-time raw fundamentals plus sector_metric_baselines.csv where available; fallback to sector README 2026-05-30 calibration coefficients,preview: company_baseline uses raw company metric / 5Y company baseline; readme_calibration fallback uses calibration_coefficient * raw_metric(date) / raw_metric(calibration_date); yield inputs are transformed or inverted as needed,
2026-03-10,Banks,pe,pe,company_baseline,0.2,0.363636,13.5884,12.764,2026-05-30,1.265,1.073602,5,"BAC,C,GS,JPM,MS",StockAnalysis financial ratios,ok,SEC EDGAR point-in-time raw fundamentals plus sector_metric_baselines.csv where available; fallback to sector README 2026-05-30 calibration coefficients,preview: company_baseline uses raw company metric / 5Y company baseline; readme_calibration fallback uses calibration_coefficient * raw_metric(date) / raw_metric(calibration_date); yield inputs are transformed or inverted as needed,
2026-03-20,Banks,forward_pe,,readme_calibration,0.2,,,,2026-05-30,1.159,,0,,,missing_raw_metric,SEC EDGAR point-in-time raw fundamentals plus sector_metric_baselines.csv where available; fallback to sector README 2026-05-30 calibration coefficients,preview: company_baseline uses raw company metric / 5Y company baseline; readme_calibration fallback uses calibration_coefficient * raw_metric(date) / raw_metric(calibration_date); yield inputs are transformed or inverted as needed,metric is not available in SEC-derived raw fundamentals yet
2026-03-20,Banks,p_tbv,,readme_calibration,0.25,,,,2026-05-30,1.491,,0,,,missing_raw_metric,SEC EDGAR point-in-time raw fundamentals plus sector_metric_baselines.csv where available; fallback to sector README 2026-05-30 calibration coefficients,preview: company_baseline uses raw company metric / 5Y company baseline; readme_calibration fallback uses calibration_coefficient * raw_metric(date) / raw_metric(calibration_date); yield inputs are transformed or inverted as needed,metric is not available in SEC-derived raw fundamentals yet
2026-03-20,Banks,pb,pb,company_baseline,0.35,0.636364,1.67592,1.334,2026-05-30,1.635,1.27097,5,"BAC,C,GS,JPM,MS",StockAnalysis financial ratios,ok,SEC EDGAR point-in-time raw fundamentals plus sector_metric_baselines.csv where available; fallback to sector README 2026-05-30 calibration coefficients,preview: company_baseline uses raw company metric / 5Y company baseline; readme_calibration fallback uses calibration_coefficient * raw_metric(date) / raw_metric(calibration_date); yield inputs are transformed or inverted as needed,
2026-03-20,Banks,pe,pe,company_baseline,0.2,0.363636,13.45896,12.764,2026-05-30,1.265,1.06341,5,"BAC,C,GS,JPM,MS",StockAnalysis financial ratios,ok,SEC EDGAR point-in-time raw fundamentals plus sector_metric_baselines.csv where available; fallback to sector README 2026-05-30 calibration coefficients,preview: company_baseline uses raw company metric / 5Y company baseline; readme_calibration fallback uses calibration_coefficient * raw_metric(date) / raw_metric(calibration_date); yield inputs are transformed or inverted as needed,
2026-03-30,Banks,forward_pe,,readme_calibration,0.2,,,,2026-05-30,1.159,,0,,,missing_raw_metric,SEC EDGAR point-in-time raw fundamentals plus sector_metric_baselines.csv where available; fallback to sector README 2026-05-30 calibration coefficients,preview: company_baseline uses raw company metric / 5Y company baseline; readme_calibration fallback uses calibration_coefficient * raw_metric(date) / raw_metric(calibration_date); yield inputs are transformed or inverted as needed,metric is not available in SEC-derived raw fundamentals yet
2026-03-30,Banks,p_tbv,,readme_calibration,0.25,,,,2026-05-30,1.491,,0,,,missing_raw_metric,SEC EDGAR point-in-time raw fundamentals plus sector_metric_baselines.csv where available; fallback to sector README 2026-05-30 calibration coefficients,preview: company_baseline uses raw company metric / 5Y company baseline; readme_calibration fallback uses calibration_coefficient * raw_metric(date) / raw_metric(calibration_date); yield inputs are transformed or inverted as needed,metric is not available in SEC-derived raw fundamentals yet
2026-03-30,Banks,pb,pb,company_baseline,0.35,0.636364,1.65674,1.334,2026-05-30,1.635,1.255945,5,"BAC,C,GS,JPM,MS",StockAnalysis financial ratios,ok,SEC EDGAR point-in-time raw fundamentals plus sector_metric_baselines.csv where available; fallback to sector README 2026-05-30 calibration coefficients,preview: company_baseline uses raw company metric / 5Y company baseline; readme_calibration fallback uses calibration_coefficient * raw_metric(date) / raw_metric(calibration_date); yield inputs are transformed or inverted as needed,
2026-03-30,Banks,pe,pe,company_baseline,0.2,0.363636,13.30198,12.764,2026-05-30,1.265,1.051025,5,"BAC,C,GS,JPM,MS",StockAnalysis financial ratios,ok,SEC EDGAR point-in-time raw fundamentals plus sector_metric_baselines.csv where available; fallback to sector README 2026-05-30 calibration coefficients,preview: company_baseline uses raw company metric / 5Y company baseline; readme_calibration fallback uses calibration_coefficient * raw_metric(date) / raw_metric(calibration_date); yield inputs are transformed or inverted as needed,
2026-04-10,Banks,forward_pe,,readme_calibration,0.2,,,,2026-05-30,1.159,,0,,,missing_raw_metric,SEC EDGAR point-in-time raw fundamentals plus sector_metric_baselines.csv where available; fallback to sector README 2026-05-30 calibration coefficients,preview: company_baseline uses raw company metric / 5Y company baseline; readme_calibration fallback uses calibration_coefficient * raw_metric(date) / raw_metric(calibration_date); yield inputs are transformed or inverted as needed,metric is not available in SEC-derived raw fundamentals yet
2026-04-10,Banks,p_tbv,,readme_calibration,0.25,,,,2026-05-30,1.491,,0,,,missing_raw_metric,SEC EDGAR point-in-time raw fundamentals plus sector_metric_baselines.csv where available; fallback to sector README 2026-05-30 calibration coefficients,preview: company_baseline uses raw company metric / 5Y company baseline; readme_calibration fallback uses calibration_coefficient * raw_metric(date) / raw_metric(calibration_date); yield inputs are transformed or inverted as needed,metric is not available in SEC-derived raw fundamentals yet
2026-04-10,Banks,pb,pb,company_baseline,0.35,0.636364,1.85134,1.334,2026-05-30,1.635,1.411303,5,"BAC,C,GS,JPM,MS",StockAnalysis financial ratios,ok,SEC EDGAR point-in-time raw fundamentals plus sector_metric_baselines.csv where available; fallback to sector README 2026-05-30 calibration coefficients,preview: company_baseline uses raw company metric / 5Y company baseline; readme_calibration fallback uses calibration_coefficient * raw_metric(date) / raw_metric(calibration_date); yield inputs are transformed or inverted as needed,
2026-04-10,Banks,pe,pe,company_baseline,0.2,0.363636,14.92888,12.764,2026-05-30,1.265,1.180598,5,"BAC,C,GS,JPM,MS",StockAnalysis financial ratios,ok,SEC EDGAR point-in-time raw fundamentals plus sector_metric_baselines.csv where available; fallback to sector README 2026-05-30 calibration coefficients,preview: company_baseline uses raw company metric / 5Y company baseline; readme_calibration fallback uses calibration_coefficient * raw_metric(date) / raw_metric(calibration_date); yield inputs are transformed or inverted as needed,
2026-04-20,Banks,forward_pe,,readme_calibration,0.2,,,,2026-05-30,1.159,,0,,,missing_raw_metric,SEC EDGAR point-in-time raw fundamentals plus sector_metric_baselines.csv where available; fallback to sector README 2026-05-30 calibration coefficients,preview: company_baseline uses raw company metric / 5Y company baseline; readme_calibration fallback uses calibration_coefficient * raw_metric(date) / raw_metric(calibration_date); yield inputs are transformed or inverted as needed,metric is not available in SEC-derived raw fundamentals yet
2026-04-20,Banks,p_tbv,,readme_calibration,0.25,,,,2026-05-30,1.491,,0,,,missing_raw_metric,SEC EDGAR point-in-time raw fundamentals plus sector_metric_baselines.csv where available; fallback to sector README 2026-05-30 calibration coefficients,preview: company_baseline uses raw company metric / 5Y company baseline; readme_calibration fallback uses calibration_coefficient * raw_metric(date) / raw_metric(calibration_date); yield inputs are transformed or inverted as needed,metric is not available in SEC-derived raw fundamentals yet
2026-04-20,Banks,pb,pb,company_baseline,0.35,0.636364,1.93614,1.334,2026-05-30,1.635,1.478718,5,"BAC,C,GS,JPM,MS",StockAnalysis financial ratios,ok,SEC EDGAR point-in-time raw fundamentals plus sector_metric_baselines.csv where available; fallback to sector README 2026-05-30 calibration coefficients,preview: company_baseline uses raw company metric / 5Y company baseline; readme_calibration fallback uses calibration_coefficient * raw_metric(date) / raw_metric(calibration_date); yield inputs are transformed or inverted as needed,
2026-04-20,Banks,pe,pe,company_baseline,0.2,0.363636,15.63764,12.764,2026-05-30,1.265,1.236077,5,"BAC,C,GS,JPM,MS",StockAnalysis financial ratios,ok,SEC EDGAR point-in-time raw fundamentals plus sector_metric_baselines.csv where available; fallback to sector README 2026-05-30 calibration coefficients,preview: company_baseline uses raw company metric / 5Y company baseline; readme_calibration fallback uses calibration_coefficient * raw_metric(date) / raw_metric(calibration_date); yield inputs are transformed or inverted as needed,
2026-04-30,Banks,forward_pe,,readme_calibration,0.2,,,,2026-05-30,1.159,,0,,,missing_raw_metric,SEC EDGAR point-in-time raw fundamentals plus sector_metric_baselines.csv where available; fallback to sector README 2026-05-30 calibration coefficients,preview: company_baseline uses raw company metric / 5Y company baseline; readme_calibration fallback uses calibration_coefficient * raw_metric(date) / raw_metric(calibration_date); yield inputs are transformed or inverted as needed,metric is not available in SEC-derived raw fundamentals yet
2026-04-30,Banks,p_tbv,,readme_calibration,0.25,,,,2026-05-30,1.491,,0,,,missing_raw_metric,SEC EDGAR point-in-time raw fundamentals plus sector_metric_baselines.csv where available; fallback to sector README 2026-05-30 calibration coefficients,preview: company_baseline uses raw company metric / 5Y company baseline; readme_calibration fallback uses calibration_coefficient * raw_metric(date) / raw_metric(calibration_date); yield inputs are transformed or inverted as needed,metric is not available in SEC-derived raw fundamentals yet
2026-04-30,Banks,pb,pb,company_baseline,0.35,0.636364,1.91104,1.334,2026-05-30,1.635,1.453519,5,"BAC,C,GS,JPM,MS",StockAnalysis financial ratios,ok,SEC EDGAR point-in-time raw fundamentals plus sector_metric_baselines.csv where available; fallback to sector README 2026-05-30 calibration coefficients,preview: company_baseline uses raw company metric / 5Y company baseline; readme_calibration fallback uses calibration_coefficient * raw_metric(date) / raw_metric(calibration_date); yield inputs are transformed or inverted as needed,
2026-04-30,Banks,pe,pe,company_baseline,0.2,0.363636,15.39084,12.764,2026-05-30,1.265,1.214873,5,"BAC,C,GS,JPM,MS",StockAnalysis financial ratios,ok,SEC EDGAR point-in-time raw fundamentals plus sector_metric_baselines.csv where available; fallback to sector README 2026-05-30 calibration coefficients,preview: company_baseline uses raw company metric / 5Y company baseline; readme_calibration fallback uses calibration_coefficient * raw_metric(date) / raw_metric(calibration_date); yield inputs are transformed or inverted as needed,
2026-05-10,Banks,forward_pe,,readme_calibration,0.2,,,,2026-05-30,1.159,,0,,,missing_raw_metric,SEC EDGAR point-in-time raw fundamentals plus sector_metric_baselines.csv where available; fallback to sector README 2026-05-30 calibration coefficients,preview: company_baseline uses raw company metric / 5Y company baseline; readme_calibration fallback uses calibration_coefficient * raw_metric(date) / raw_metric(calibration_date); yield inputs are transformed or inverted as needed,metric is not available in SEC-derived raw fundamentals yet
2026-05-10,Banks,p_tbv,,readme_calibration,0.25,,,,2026-05-30,1.491,,0,,,missing_raw_metric,SEC EDGAR point-in-time raw fundamentals plus sector_metric_baselines.csv where available; fallback to sector README 2026-05-30 calibration coefficients,preview: company_baseline uses raw company metric / 5Y company baseline; readme_calibration fallback uses calibration_coefficient * raw_metric(date) / raw_metric(calibration_date); yield inputs are transformed or inverted as needed,metric is not available in SEC-derived raw fundamentals yet
2026-05-10,Banks,pb,pb,company_baseline,0.35,0.636364,1.87686,1.334,2026-05-30,1.635,1.42859,5,"BAC,C,GS,JPM,MS",StockAnalysis financial ratios,ok,SEC EDGAR point-in-time raw fundamentals plus sector_metric_baselines.csv where available; fallback to sector README 2026-05-30 calibration coefficients,preview: company_baseline uses raw company metric / 5Y company baseline; readme_calibration fallback uses calibration_coefficient * raw_metric(date) / raw_metric(calibration_date); yield inputs are transformed or inverted as needed,
2026-05-10,Banks,pe,pe,company_baseline,0.2,0.363636,14.53726,12.764,2026-05-30,1.265,1.149038,5,"BAC,C,GS,JPM,MS",StockAnalysis financial ratios,ok,SEC EDGAR point-in-time raw fundamentals plus sector_metric_baselines.csv where available; fallback to sector README 2026-05-30 calibration coefficients,preview: company_baseline uses raw company metric / 5Y company baseline; readme_calibration fallback uses calibration_coefficient * raw_metric(date) / raw_metric(calibration_date); yield inputs are transformed or inverted as needed,
2026-05-20,Banks,forward_pe,,readme_calibration,0.2,,,,2026-05-30,1.159,,0,,,missing_raw_metric,SEC EDGAR point-in-time raw fundamentals plus sector_metric_baselines.csv where available; fallback to sector README 2026-05-30 calibration coefficients,preview: company_baseline uses raw company metric / 5Y company baseline; readme_calibration fallback uses calibration_coefficient * raw_metric(date) / raw_metric(calibration_date); yield inputs are transformed or inverted as needed,metric is not available in SEC-derived raw fundamentals yet
2026-05-20,Banks,p_tbv,,readme_calibration,0.25,,,,2026-05-30,1.491,,0,,,missing_raw_metric,SEC EDGAR point-in-time raw fundamentals plus sector_metric_baselines.csv where available; fallback to sector README 2026-05-30 calibration coefficients,preview: company_baseline uses raw company metric / 5Y company baseline; readme_calibration fallback uses calibration_coefficient * raw_metric(date) / raw_metric(calibration_date); yield inputs are transformed or inverted as needed,metric is not available in SEC-derived raw fundamentals yet
2026-05-20,Banks,pb,pb,company_baseline,0.35,0.636364,1.90992,1.334,2026-05-30,1.635,1.449559,5,"BAC,C,GS,JPM,MS",StockAnalysis financial ratios,ok,SEC EDGAR point-in-time raw fundamentals plus sector_metric_baselines.csv where available; fallback to sector README 2026-05-30 calibration coefficients,preview: company_baseline uses raw company metric / 5Y company baseline; readme_calibration fallback uses calibration_coefficient * raw_metric(date) / raw_metric(calibration_date); yield inputs are transformed or inverted as needed,
2026-05-20,Banks,pe,pe,company_baseline,0.2,0.363636,14.7453,12.764,2026-05-30,1.265,1.163573,5,"BAC,C,GS,JPM,MS",StockAnalysis financial ratios,ok,SEC EDGAR point-in-time raw fundamentals plus sector_metric_baselines.csv where available; fallback to sector README 2026-05-30 calibration coefficients,preview: company_baseline uses raw company metric / 5Y company baseline; readme_calibration fallback uses calibration_coefficient * raw_metric(date) / raw_metric(calibration_date); yield inputs are transformed or inverted as needed,
2026-05-30,Banks,forward_pe,,readme_calibration,0.2,,,,2026-05-30,1.159,,0,,,missing_raw_metric,SEC EDGAR point-in-time raw fundamentals plus sector_metric_baselines.csv where available; fallback to sector README 2026-05-30 calibration coefficients,preview: company_baseline uses raw company metric / 5Y company baseline; readme_calibration fallback uses calibration_coefficient * raw_metric(date) / raw_metric(calibration_date); yield inputs are transformed or inverted as needed,metric is not available in SEC-derived raw fundamentals yet
2026-05-30,Banks,p_tbv,,readme_calibration,0.25,,,,2026-05-30,1.491,,0,,,missing_raw_metric,SEC EDGAR point-in-time raw fundamentals plus sector_metric_baselines.csv where available; fallback to sector README 2026-05-30 calibration coefficients,preview: company_baseline uses raw company metric / 5Y company baseline; readme_calibration fallback uses calibration_coefficient * raw_metric(date) / raw_metric(calibration_date); yield inputs are transformed or inverted as needed,metric is not available in SEC-derived raw fundamentals yet
2026-05-30,Banks,pb,pb,company_baseline,0.35,0.636364,1.95864,1.334,2026-05-30,1.635,1.482811,5,"BAC,C,GS,JPM,MS",StockAnalysis financial ratios,ok,SEC EDGAR point-in-time raw fundamentals plus sector_metric_baselines.csv where available; fallback to sector README 2026-05-30 calibration coefficients,preview: company_baseline uses raw company metric / 5Y company baseline; readme_calibration fallback uses calibration_coefficient * raw_metric(date) / raw_metric(calibration_date); yield inputs are transformed or inverted as needed,
2026-05-30,Banks,pe,pe,company_baseline,0.2,0.363636,15.08396,12.764,2026-05-30,1.265,1.187628,5,"BAC,C,GS,JPM,MS",StockAnalysis financial ratios,ok,SEC EDGAR point-in-time raw fundamentals plus sector_metric_baselines.csv where available; fallback to sector README 2026-05-30 calibration coefficients,preview: company_baseline uses raw company metric / 5Y company baseline; readme_calibration fallback uses calibration_coefficient * raw_metric(date) / raw_metric(calibration_date); yield inputs are transformed or inverted as needed,
2026-02-28,Mining,ev_ebitda,ev_ebitda,company_baseline,0.35,0.35,13.503167,7.936667,2026-05-30,1.589,1.619464,3,"FCX,SCCO,VALE",StockAnalysis financial ratios,ok,SEC EDGAR point-in-time raw fundamentals plus sector_metric_baselines.csv where available; fallback to sector README 2026-05-30 calibration coefficients,preview: company_baseline uses raw company metric / 5Y company baseline; readme_calibration fallback uses calibration_coefficient * raw_metric(date) / raw_metric(calibration_date); yield inputs are transformed or inverted as needed,
2026-02-28,Mining,p_fcf,fcf_yield,company_baseline,0.25,0.25,46.050041,45.568,2026-05-30,1.415,1.36168,5,"FCX,GOLD,NEM,SCCO,VALE",StockAnalysis financial ratios,ok,SEC EDGAR point-in-time raw fundamentals plus sector_metric_baselines.csv where available; fallback to sector README 2026-05-30 calibration coefficients,preview: company_baseline uses raw company metric / 5Y company baseline; readme_calibration fallback uses calibration_coefficient * raw_metric(date) / raw_metric(calibration_date); yield inputs are transformed or inverted as needed,
2026-02-28,Mining,pb,pb,company_baseline,0.2,0.2,5.67386,3.2,2026-05-30,1.594,1.564809,5,"FCX,GOLD,NEM,SCCO,VALE",StockAnalysis financial ratios,ok,SEC EDGAR point-in-time raw fundamentals plus sector_metric_baselines.csv where available; fallback to sector README 2026-05-30 calibration coefficients,preview: company_baseline uses raw company metric / 5Y company baseline; readme_calibration fallback uses calibration_coefficient * raw_metric(date) / raw_metric(calibration_date); yield inputs are transformed or inverted as needed,
2026-02-28,Mining,pe,pe,company_baseline,0.2,0.2,42.18668,17.672,2026-05-30,1.564,3.01994,5,"FCX,GOLD,NEM,SCCO,VALE",StockAnalysis financial ratios,ok,SEC EDGAR point-in-time raw fundamentals plus sector_metric_baselines.csv where available; fallback to sector README 2026-05-30 calibration coefficients,preview: company_baseline uses raw company metric / 5Y company baseline; readme_calibration fallback uses calibration_coefficient * raw_metric(date) / raw_metric(calibration_date); yield inputs are transformed or inverted as needed,
2026-03-10,Mining,ev_ebitda,ev_ebitda,company_baseline,0.35,0.35,12.308567,7.936667,2026-05-30,1.589,1.485302,3,"FCX,SCCO,VALE",StockAnalysis financial ratios,ok,SEC EDGAR point-in-time raw fundamentals plus sector_metric_baselines.csv where available; fallback to sector README 2026-05-30 calibration coefficients,preview: company_baseline uses raw company metric / 5Y company baseline; readme_calibration fallback uses calibration_coefficient * raw_metric(date) / raw_metric(calibration_date); yield inputs are transformed or inverted as needed,
2026-03-10,Mining,p_fcf,fcf_yield,company_baseline,0.25,0.25,41.899629,45.568,2026-05-30,1.415,1.234075,5,"FCX,GOLD,NEM,SCCO,VALE",StockAnalysis financial ratios,ok,SEC EDGAR point-in-time raw fundamentals plus sector_metric_baselines.csv where available; fallback to sector README 2026-05-30 calibration coefficients,preview: company_baseline uses raw company metric / 5Y company baseline; readme_calibration fallback uses calibration_coefficient * raw_metric(date) / raw_metric(calibration_date); yield inputs are transformed or inverted as needed,
2026-03-10,Mining,pb,pb,company_baseline,0.2,0.2,5.12444,3.2,2026-05-30,1.594,1.41309,5,"FCX,GOLD,NEM,SCCO,VALE",StockAnalysis financial ratios,ok,SEC EDGAR point-in-time raw fundamentals plus sector_metric_baselines.csv where available; fallback to sector README 2026-05-30 calibration coefficients,preview: company_baseline uses raw company metric / 5Y company baseline; readme_calibration fallback uses calibration_coefficient * raw_metric(date) / raw_metric(calibration_date); yield inputs are transformed or inverted as needed,
2026-03-10,Mining,pe,pe,company_baseline,0.2,0.2,37.67756,17.672,2026-05-30,1.564,2.687296,5,"FCX,GOLD,NEM,SCCO,VALE",StockAnalysis financial ratios,ok,SEC EDGAR point-in-time raw fundamentals plus sector_metric_baselines.csv where available; fallback to sector README 2026-05-30 calibration coefficients,preview: company_baseline uses raw company metric / 5Y company baseline; readme_calibration fallback uses calibration_coefficient * raw_metric(date) / raw_metric(calibration_date); yield inputs are transformed or inverted as needed,
2026-03-20,Mining,ev_ebitda,ev_ebitda,company_baseline,0.35,0.35,10.126433,7.936667,2026-05-30,1.589,1.255888,3,"FCX,SCCO,VALE",StockAnalysis financial ratios,ok,SEC EDGAR point-in-time raw fundamentals plus sector_metric_baselines.csv where available; fallback to sector README 2026-05-30 calibration coefficients,preview: company_baseline uses raw company metric / 5Y company baseline; readme_calibration fallback uses calibration_coefficient * raw_metric(date) / raw_metric(calibration_date); yield inputs are transformed or inverted as needed,
2026-03-20,Mining,p_fcf,fcf_yield,company_baseline,0.25,0.25,35.14934,45.568,2026-05-30,1.415,1.035676,5,"FCX,GOLD,NEM,SCCO,VALE",StockAnalysis financial ratios,ok,SEC EDGAR point-in-time raw fundamentals plus sector_metric_baselines.csv where available; fallback to sector README 2026-05-30 calibration coefficients,preview: company_baseline uses raw company metric / 5Y company baseline; readme_calibration fallback uses calibration_coefficient * raw_metric(date) / raw_metric(calibration_date); yield inputs are transformed or inverted as needed,
2026-03-20,Mining,pb,pb,company_baseline,0.2,0.2,4.10198,3.2,2026-05-30,1.594,1.155164,5,"FCX,GOLD,NEM,SCCO,VALE",StockAnalysis financial ratios,ok,SEC EDGAR point-in-time raw fundamentals plus sector_metric_baselines.csv where available; fallback to sector README 2026-05-30 calibration coefficients,preview: company_baseline uses raw company metric / 5Y company baseline; readme_calibration fallback uses calibration_coefficient * raw_metric(date) / raw_metric(calibration_date); yield inputs are transformed or inverted as needed,
2026-03-20,Mining,pe,pe,company_baseline,0.2,0.2,31.04422,17.672,2026-05-30,1.564,2.231084,5,"FCX,GOLD,NEM,SCCO,VALE",StockAnalysis financial ratios,ok,SEC EDGAR point-in-time raw fundamentals plus sector_metric_baselines.csv where available; fallback to sector README 2026-05-30 calibration coefficients,preview: company_baseline uses raw company metric / 5Y company baseline; readme_calibration fallback uses calibration_coefficient * raw_metric(date) / raw_metric(calibration_date); yield inputs are transformed or inverted as needed,
2026-03-30,Mining,ev_ebitda,ev_ebitda,company_baseline,0.35,0.35,10.575767,7.936667,2026-05-30,1.589,1.312918,3,"FCX,SCCO,VALE",StockAnalysis financial ratios,ok,SEC EDGAR point-in-time raw fundamentals plus sector_metric_baselines.csv where available; fallback to sector README 2026-05-30 calibration coefficients,preview: company_baseline uses raw company metric / 5Y company baseline; readme_calibration fallback uses calibration_coefficient * raw_metric(date) / raw_metric(calibration_date); yield inputs are transformed or inverted as needed,
2026-03-30,Mining,p_fcf,fcf_yield,company_baseline,0.25,0.25,37.127054,45.568,2026-05-30,1.415,1.086604,5,"FCX,GOLD,NEM,SCCO,VALE",StockAnalysis financial ratios,ok,SEC EDGAR point-in-time raw fundamentals plus sector_metric_baselines.csv where available; fallback to sector README 2026-05-30 calibration coefficients,preview: company_baseline uses raw company metric / 5Y company baseline; readme_calibration fallback uses calibration_coefficient * raw_metric(date) / raw_metric(calibration_date); yield inputs are transformed or inverted as needed,
2026-03-30,Mining,pb,pb,company_baseline,0.2,0.2,4.26056,3.2,2026-05-30,1.594,1.183013,5,"FCX,GOLD,NEM,SCCO,VALE",StockAnalysis financial ratios,ok,SEC EDGAR point-in-time raw fundamentals plus sector_metric_baselines.csv where available; fallback to sector README 2026-05-30 calibration coefficients,preview: company_baseline uses raw company metric / 5Y company baseline; readme_calibration fallback uses calibration_coefficient * raw_metric(date) / raw_metric(calibration_date); yield inputs are transformed or inverted as needed,
2026-03-30,Mining,pe,pe,company_baseline,0.2,0.2,30.0796,17.672,2026-05-30,1.564,2.12174,5,"FCX,GOLD,NEM,SCCO,VALE",StockAnalysis financial ratios,ok,SEC EDGAR point-in-time raw fundamentals plus sector_metric_baselines.csv where available; fallback to sector README 2026-05-30 calibration coefficients,preview: company_baseline uses raw company metric / 5Y company baseline; readme_calibration fallback uses calibration_coefficient * raw_metric(date) / raw_metric(calibration_date); yield inputs are transformed or inverted as needed,
2026-04-10,Mining,ev_ebitda,ev_ebitda,company_baseline,0.35,0.35,12.586133,7.936667,2026-05-30,1.589,1.53592,3,"FCX,SCCO,VALE",StockAnalysis financial ratios,ok,SEC EDGAR point-in-time raw fundamentals plus sector_metric_baselines.csv where available; fallback to sector README 2026-05-30 calibration coefficients,preview: company_baseline uses raw company metric / 5Y company baseline; readme_calibration fallback uses calibration_coefficient * raw_metric(date) / raw_metric(calibration_date); yield inputs are transformed or inverted as needed,
2026-04-10,Mining,p_fcf,fcf_yield,company_baseline,0.25,0.25,44.16578,45.568,2026-05-30,1.415,1.281742,5,"FCX,GOLD,NEM,SCCO,VALE",StockAnalysis financial ratios,ok,SEC EDGAR point-in-time raw fundamentals plus sector_metric_baselines.csv where available; fallback to sector README 2026-05-30 calibration coefficients,preview: company_baseline uses raw company metric / 5Y company baseline; readme_calibration fallback uses calibration_coefficient * raw_metric(date) / raw_metric(calibration_date); yield inputs are transformed or inverted as needed,
2026-04-10,Mining,pb,pb,company_baseline,0.2,0.2,5.12658,3.2,2026-05-30,1.594,1.404715,5,"FCX,GOLD,NEM,SCCO,VALE",StockAnalysis financial ratios,ok,SEC EDGAR point-in-time raw fundamentals plus sector_metric_baselines.csv where available; fallback to sector README 2026-05-30 calibration coefficients,preview: company_baseline uses raw company metric / 5Y company baseline; readme_calibration fallback uses calibration_coefficient * raw_metric(date) / raw_metric(calibration_date); yield inputs are transformed or inverted as needed,
2026-04-10,Mining,pe,pe,company_baseline,0.2,0.2,35.43062,17.672,2026-05-30,1.564,2.478938,5,"FCX,GOLD,NEM,SCCO,VALE",StockAnalysis financial ratios,ok,SEC EDGAR point-in-time raw fundamentals plus sector_metric_baselines.csv where available; fallback to sector README 2026-05-30 calibration coefficients,preview: company_baseline uses raw company metric / 5Y company baseline; readme_calibration fallback uses calibration_coefficient * raw_metric(date) / raw_metric(calibration_date); yield inputs are transformed or inverted as needed,
2026-04-20,Mining,ev_ebitda,ev_ebitda,company_baseline,0.35,0.35,12.723,7.936667,2026-05-30,1.589,1.562905,3,"FCX,SCCO,VALE",StockAnalysis financial ratios,ok,SEC EDGAR point-in-time raw fundamentals plus sector_metric_baselines.csv where available; fallback to sector README 2026-05-30 calibration coefficients,preview: company_baseline uses raw company metric / 5Y company baseline; readme_calibration fallback uses calibration_coefficient * raw_metric(date) / raw_metric(calibration_date); yield inputs are transformed or inverted as needed,
2026-04-20,Mining,p_fcf,fcf_yield,company_baseline,0.25,0.25,45.247745,45.568,2026-05-30,1.415,1.318918,5,"FCX,GOLD,NEM,SCCO,VALE",StockAnalysis financial ratios,ok,SEC EDGAR point-in-time raw fundamentals plus sector_metric_baselines.csv where available; fallback to sector README 2026-05-30 calibration coefficients,preview: company_baseline uses raw company metric / 5Y company baseline; readme_calibration fallback uses calibration_coefficient * raw_metric(date) / raw_metric(calibration_date); yield inputs are transformed or inverted as needed,
2026-04-20,Mining,pb,pb,company_baseline,0.2,0.2,5.14094,3.2,2026-05-30,1.594,1.426354,5,"FCX,GOLD,NEM,SCCO,VALE",StockAnalysis financial ratios,ok,SEC EDGAR point-in-time raw fundamentals plus sector_metric_baselines.csv where available; fallback to sector README 2026-05-30 calibration coefficients,preview: company_baseline uses raw company metric / 5Y company baseline; readme_calibration fallback uses calibration_coefficient * raw_metric(date) / raw_metric(calibration_date); yield inputs are transformed or inverted as needed,
2026-04-20,Mining,pe,pe,company_baseline,0.2,0.2,37.32964,17.672,2026-05-30,1.564,2.649775,5,"FCX,GOLD,NEM,SCCO,VALE",StockAnalysis financial ratios,ok,SEC EDGAR point-in-time raw fundamentals plus sector_metric_baselines.csv where available; fallback to sector README 2026-05-30 calibration coefficients,preview: company_baseline uses raw company metric / 5Y company baseline; readme_calibration fallback uses calibration_coefficient * raw_metric(date) / raw_metric(calibration_date); yield inputs are transformed or inverted as needed,
2026-04-30,Mining,ev_ebitda,ev_ebitda,company_baseline,0.35,0.35,10.650833,7.936667,2026-05-30,1.589,1.340816,3,"FCX,SCCO,VALE",StockAnalysis financial ratios,ok,SEC EDGAR point-in-time raw fundamentals plus sector_metric_baselines.csv where available; fallback to sector README 2026-05-30 calibration coefficients,preview: company_baseline uses raw company metric / 5Y company baseline; readme_calibration fallback uses calibration_coefficient * raw_metric(date) / raw_metric(calibration_date); yield inputs are transformed or inverted as needed,
2026-04-30,Mining,p_fcf,fcf_yield,company_baseline,0.25,0.25,37.538261,45.568,2026-05-30,1.415,1.1024,5,"FCX,GOLD,NEM,SCCO,VALE",StockAnalysis financial ratios,ok,SEC EDGAR point-in-time raw fundamentals plus sector_metric_baselines.csv where available; fallback to sector README 2026-05-30 calibration coefficients,preview: company_baseline uses raw company metric / 5Y company baseline; readme_calibration fallback uses calibration_coefficient * raw_metric(date) / raw_metric(calibration_date); yield inputs are transformed or inverted as needed,
2026-04-30,Mining,pb,pb,company_baseline,0.2,0.2,4.43372,3.2,2026-05-30,1.594,1.261496,5,"FCX,GOLD,NEM,SCCO,VALE",StockAnalysis financial ratios,ok,SEC EDGAR point-in-time raw fundamentals plus sector_metric_baselines.csv where available; fallback to sector README 2026-05-30 calibration coefficients,preview: company_baseline uses raw company metric / 5Y company baseline; readme_calibration fallback uses calibration_coefficient * raw_metric(date) / raw_metric(calibration_date); yield inputs are transformed or inverted as needed,
2026-04-30,Mining,pe,pe,company_baseline,0.2,0.2,32.70438,17.672,2026-05-30,1.564,2.371338,5,"FCX,GOLD,NEM,SCCO,VALE",StockAnalysis financial ratios,ok,SEC EDGAR point-in-time raw fundamentals plus sector_metric_baselines.csv where available; fallback to sector README 2026-05-30 calibration coefficients,preview: company_baseline uses raw company metric / 5Y company baseline; readme_calibration fallback uses calibration_coefficient * raw_metric(date) / raw_metric(calibration_date); yield inputs are transformed or inverted as needed,
2026-05-10,Mining,ev_ebitda,ev_ebitda,company_baseline,0.35,0.35,10.981867,7.936667,2026-05-30,1.589,1.369466,3,"FCX,SCCO,VALE",StockAnalysis financial ratios,ok,SEC EDGAR point-in-time raw fundamentals plus sector_metric_baselines.csv where available; fallback to sector README 2026-05-30 calibration coefficients,preview: company_baseline uses raw company metric / 5Y company baseline; readme_calibration fallback uses calibration_coefficient * raw_metric(date) / raw_metric(calibration_date); yield inputs are transformed or inverted as needed,
2026-05-10,Mining,p_fcf,fcf_yield,company_baseline,0.25,0.25,33.635339,45.568,2026-05-30,1.415,1.043697,5,"FCX,GOLD,NEM,SCCO,VALE",StockAnalysis financial ratios,ok,SEC EDGAR point-in-time raw fundamentals plus sector_metric_baselines.csv where available; fallback to sector README 2026-05-30 calibration coefficients,preview: company_baseline uses raw company metric / 5Y company baseline; readme_calibration fallback uses calibration_coefficient * raw_metric(date) / raw_metric(calibration_date); yield inputs are transformed or inverted as needed,
2026-05-10,Mining,pb,pb,company_baseline,0.2,0.2,4.68942,3.2,2026-05-30,1.594,1.313108,5,"FCX,GOLD,NEM,SCCO,VALE",StockAnalysis financial ratios,ok,SEC EDGAR point-in-time raw fundamentals plus sector_metric_baselines.csv where available; fallback to sector README 2026-05-30 calibration coefficients,preview: company_baseline uses raw company metric / 5Y company baseline; readme_calibration fallback uses calibration_coefficient * raw_metric(date) / raw_metric(calibration_date); yield inputs are transformed or inverted as needed,
2026-05-10,Mining,pe,pe,company_baseline,0.2,0.2,33.13554,17.672,2026-05-30,1.564,2.398864,5,"FCX,GOLD,NEM,SCCO,VALE",StockAnalysis financial ratios,ok,SEC EDGAR point-in-time raw fundamentals plus sector_metric_baselines.csv where available; fallback to sector README 2026-05-30 calibration coefficients,preview: company_baseline uses raw company metric / 5Y company baseline; readme_calibration fallback uses calibration_coefficient * raw_metric(date) / raw_metric(calibration_date); yield inputs are transformed or inverted as needed,
2026-05-20,Mining,ev_ebitda,ev_ebitda,company_baseline,0.35,0.35,10.6283,7.936667,2026-05-30,1.589,1.333745,3,"FCX,SCCO,VALE",StockAnalysis financial ratios,ok,SEC EDGAR point-in-time raw fundamentals plus sector_metric_baselines.csv where available; fallback to sector README 2026-05-30 calibration coefficients,preview: company_baseline uses raw company metric / 5Y company baseline; readme_calibration fallback uses calibration_coefficient * raw_metric(date) / raw_metric(calibration_date); yield inputs are transformed or inverted as needed,
2026-05-20,Mining,p_fcf,fcf_yield,company_baseline,0.25,0.25,32.72106,45.568,2026-05-30,1.415,1.017512,5,"FCX,GOLD,NEM,SCCO,VALE",StockAnalysis financial ratios,ok,SEC EDGAR point-in-time raw fundamentals plus sector_metric_baselines.csv where available; fallback to sector README 2026-05-30 calibration coefficients,preview: company_baseline uses raw company metric / 5Y company baseline; readme_calibration fallback uses calibration_coefficient * raw_metric(date) / raw_metric(calibration_date); yield inputs are transformed or inverted as needed,
2026-05-20,Mining,pb,pb,company_baseline,0.2,0.2,4.41282,3.2,2026-05-30,1.594,1.205984,5,"FCX,GOLD,NEM,SCCO,VALE",StockAnalysis financial ratios,ok,SEC EDGAR point-in-time raw fundamentals plus sector_metric_baselines.csv where available; fallback to sector README 2026-05-30 calibration coefficients,preview: company_baseline uses raw company metric / 5Y company baseline; readme_calibration fallback uses calibration_coefficient * raw_metric(date) / raw_metric(calibration_date); yield inputs are transformed or inverted as needed,
2026-05-20,Mining,pe,pe,company_baseline,0.2,0.2,17.00666,17.672,2026-05-30,1.564,1.010003,5,"FCX,GOLD,NEM,SCCO,VALE",StockAnalysis financial ratios,ok,SEC EDGAR point-in-time raw fundamentals plus sector_metric_baselines.csv where available; fallback to sector README 2026-05-30 calibration coefficients,preview: company_baseline uses raw company metric / 5Y company baseline; readme_calibration fallback uses calibration_coefficient * raw_metric(date) / raw_metric(calibration_date); yield inputs are transformed or inverted as needed,
2026-05-30,Mining,ev_ebitda,ev_ebitda,company_baseline,0.35,0.35,11.398333,7.936667,2026-05-30,1.589,1.407919,3,"FCX,SCCO,VALE",StockAnalysis financial ratios,ok,SEC EDGAR point-in-time raw fundamentals plus sector_metric_baselines.csv where available; fallback to sector README 2026-05-30 calibration coefficients,preview: company_baseline uses raw company metric / 5Y company baseline; readme_calibration fallback uses calibration_coefficient * raw_metric(date) / raw_metric(calibration_date); yield inputs are transformed or inverted as needed,
2026-05-30,Mining,p_fcf,fcf_yield,company_baseline,0.25,0.25,34.172134,45.568,2026-05-30,1.415,1.059975,5,"FCX,GOLD,NEM,SCCO,VALE",StockAnalysis financial ratios,ok,SEC EDGAR point-in-time raw fundamentals plus sector_metric_baselines.csv where available; fallback to sector README 2026-05-30 calibration coefficients,preview: company_baseline uses raw company metric / 5Y company baseline; readme_calibration fallback uses calibration_coefficient * raw_metric(date) / raw_metric(calibration_date); yield inputs are transformed or inverted as needed,
2026-05-30,Mining,pb,pb,company_baseline,0.2,0.2,4.74804,3.2,2026-05-30,1.594,1.269631,5,"FCX,GOLD,NEM,SCCO,VALE",StockAnalysis financial ratios,ok,SEC EDGAR point-in-time raw fundamentals plus sector_metric_baselines.csv where available; fallback to sector README 2026-05-30 calibration coefficients,preview: company_baseline uses raw company metric / 5Y company baseline; readme_calibration fallback uses calibration_coefficient * raw_metric(date) / raw_metric(calibration_date); yield inputs are transformed or inverted as needed,
2026-05-30,Mining,pe,pe,company_baseline,0.2,0.2,18.01194,17.672,2026-05-30,1.564,1.058114,5,"FCX,GOLD,NEM,SCCO,VALE",StockAnalysis financial ratios,ok,SEC EDGAR point-in-time raw fundamentals plus sector_metric_baselines.csv where available; fallback to sector README 2026-05-30 calibration coefficients,preview: company_baseline uses raw company metric / 5Y company baseline; readme_calibration fallback uses calibration_coefficient * raw_metric(date) / raw_metric(calibration_date); yield inputs are transformed or inverted as needed,
2026-02-28,Semiconductors,ev_ebitda,ev_ebitda,company_baseline,0.25,0.357143,37.573114,27.665714,2026-05-30,1.743,1.376681,7,"AMD,ASML,AVGO,MU,NVDA,QCOM,TXN",StockAnalysis financial ratios,ok,SEC EDGAR point-in-time raw fundamentals plus sector_metric_baselines.csv where available; fallback to sector README 2026-05-30 calibration coefficients,preview: company_baseline uses raw company metric / 5Y company baseline; readme_calibration fallback uses calibration_coefficient * raw_metric(date) / raw_metric(calibration_date); yield inputs are transformed or inverted as needed,
2026-02-28,Semiconductors,forward_pe,,readme_calibration,0.3,,,,2026-05-30,1.302,,0,,,missing_raw_metric,SEC EDGAR point-in-time raw fundamentals plus sector_metric_baselines.csv where available; fallback to sector README 2026-05-30 calibration coefficients,preview: company_baseline uses raw company metric / 5Y company baseline; readme_calibration fallback uses calibration_coefficient * raw_metric(date) / raw_metric(calibration_date); yield inputs are transformed or inverted as needed,metric is not available in SEC-derived raw fundamentals yet
2026-02-28,Semiconductors,pb,pb,company_baseline,0.2,0.285714,15.143471,13.02,2026-05-30,2.243,1.492661,7,"AMD,ASML,AVGO,MU,NVDA,QCOM,TXN",StockAnalysis financial ratios,ok,SEC EDGAR point-in-time raw fundamentals plus sector_metric_baselines.csv where available; fallback to sector README 2026-05-30 calibration coefficients,preview: company_baseline uses raw company metric / 5Y company baseline; readme_calibration fallback uses calibration_coefficient * raw_metric(date) / raw_metric(calibration_date); yield inputs are transformed or inverted as needed,
2026-02-28,Semiconductors,ps,ps,company_baseline,0.25,0.357143,13.633371,10.285714,2026-05-30,2.161,1.492664,7,"AMD,ASML,AVGO,MU,NVDA,QCOM,TXN",StockAnalysis financial ratios,ok,SEC EDGAR point-in-time raw fundamentals plus sector_metric_baselines.csv where available; fallback to sector README 2026-05-30 calibration coefficients,preview: company_baseline uses raw company metric / 5Y company baseline; readme_calibration fallback uses calibration_coefficient * raw_metric(date) / raw_metric(calibration_date); yield inputs are transformed or inverted as needed,
2026-03-10,Semiconductors,ev_ebitda,ev_ebitda,company_baseline,0.25,0.357143,37.720843,27.665714,2026-05-30,1.743,1.366973,7,"AMD,ASML,AVGO,MU,NVDA,QCOM,TXN",StockAnalysis financial ratios,ok,SEC EDGAR point-in-time raw fundamentals plus sector_metric_baselines.csv where available; fallback to sector README 2026-05-30 calibration coefficients,preview: company_baseline uses raw company metric / 5Y company baseline; readme_calibration fallback uses calibration_coefficient * raw_metric(date) / raw_metric(calibration_date); yield inputs are transformed or inverted as needed,
2026-03-10,Semiconductors,forward_pe,,readme_calibration,0.3,,,,2026-05-30,1.302,,0,,,missing_raw_metric,SEC EDGAR point-in-time raw fundamentals plus sector_metric_baselines.csv where available; fallback to sector README 2026-05-30 calibration coefficients,preview: company_baseline uses raw company metric / 5Y company baseline; readme_calibration fallback uses calibration_coefficient * raw_metric(date) / raw_metric(calibration_date); yield inputs are transformed or inverted as needed,metric is not available in SEC-derived raw fundamentals yet
2026-03-10,Semiconductors,pb,pb,company_baseline,0.2,0.285714,15.135943,13.02,2026-05-30,2.243,1.474683,7,"AMD,ASML,AVGO,MU,NVDA,QCOM,TXN",StockAnalysis financial ratios,ok,SEC EDGAR point-in-time raw fundamentals plus sector_metric_baselines.csv where available; fallback to sector README 2026-05-30 calibration coefficients,preview: company_baseline uses raw company metric / 5Y company baseline; readme_calibration fallback uses calibration_coefficient * raw_metric(date) / raw_metric(calibration_date); yield inputs are transformed or inverted as needed,
2026-03-10,Semiconductors,ps,ps,company_baseline,0.25,0.357143,13.739571,10.285714,2026-05-30,2.161,1.480651,7,"AMD,ASML,AVGO,MU,NVDA,QCOM,TXN",StockAnalysis financial ratios,ok,SEC EDGAR point-in-time raw fundamentals plus sector_metric_baselines.csv where available; fallback to sector README 2026-05-30 calibration coefficients,preview: company_baseline uses raw company metric / 5Y company baseline; readme_calibration fallback uses calibration_coefficient * raw_metric(date) / raw_metric(calibration_date); yield inputs are transformed or inverted as needed,
2026-03-20,Semiconductors,ev_ebitda,ev_ebitda,company_baseline,0.25,0.357143,34.655871,27.665714,2026-05-30,1.743,1.219064,7,"AMD,ASML,AVGO,MU,NVDA,QCOM,TXN",StockAnalysis financial ratios,ok,SEC EDGAR point-in-time raw fundamentals plus sector_metric_baselines.csv where available; fallback to sector README 2026-05-30 calibration coefficients,preview: company_baseline uses raw company metric / 5Y company baseline; readme_calibration fallback uses calibration_coefficient * raw_metric(date) / raw_metric(calibration_date); yield inputs are transformed or inverted as needed,
2026-03-20,Semiconductors,forward_pe,,readme_calibration,0.3,,,,2026-05-30,1.302,,0,,,missing_raw_metric,SEC EDGAR point-in-time raw fundamentals plus sector_metric_baselines.csv where available; fallback to sector README 2026-05-30 calibration coefficients,preview: company_baseline uses raw company metric / 5Y company baseline; readme_calibration fallback uses calibration_coefficient * raw_metric(date) / raw_metric(calibration_date); yield inputs are transformed or inverted as needed,metric is not available in SEC-derived raw fundamentals yet
2026-03-20,Semiconductors,pb,pb,company_baseline,0.2,0.285714,14.1732,13.02,2026-05-30,2.243,1.343022,7,"AMD,ASML,AVGO,MU,NVDA,QCOM,TXN",StockAnalysis financial ratios,ok,SEC EDGAR point-in-time raw fundamentals plus sector_metric_baselines.csv where available; fallback to sector README 2026-05-30 calibration coefficients,preview: company_baseline uses raw company metric / 5Y company baseline; readme_calibration fallback uses calibration_coefficient * raw_metric(date) / raw_metric(calibration_date); yield inputs are transformed or inverted as needed,
2026-03-20,Semiconductors,ps,ps,company_baseline,0.25,0.357143,12.412214,10.285714,2026-05-30,2.161,1.304924,7,"AMD,ASML,AVGO,MU,NVDA,QCOM,TXN",StockAnalysis financial ratios,ok,SEC EDGAR point-in-time raw fundamentals plus sector_metric_baselines.csv where available; fallback to sector README 2026-05-30 calibration coefficients,preview: company_baseline uses raw company metric / 5Y company baseline; readme_calibration fallback uses calibration_coefficient * raw_metric(date) / raw_metric(calibration_date); yield inputs are transformed or inverted as needed,
2026-03-30,Semiconductors,ev_ebitda,ev_ebitda,company_baseline,0.25,0.357143,33.060229,27.665714,2026-05-30,1.743,1.151337,7,"AMD,ASML,AVGO,MU,NVDA,QCOM,TXN",StockAnalysis financial ratios,ok,SEC EDGAR point-in-time raw fundamentals plus sector_metric_baselines.csv where available; fallback to sector README 2026-05-30 calibration coefficients,preview: company_baseline uses raw company metric / 5Y company baseline; readme_calibration fallback uses calibration_coefficient * raw_metric(date) / raw_metric(calibration_date); yield inputs are transformed or inverted as needed,
2026-03-30,Semiconductors,forward_pe,,readme_calibration,0.3,,,,2026-05-30,1.302,,0,,,missing_raw_metric,SEC EDGAR point-in-time raw fundamentals plus sector_metric_baselines.csv where available; fallback to sector README 2026-05-30 calibration coefficients,preview: company_baseline uses raw company metric / 5Y company baseline; readme_calibration fallback uses calibration_coefficient * raw_metric(date) / raw_metric(calibration_date); yield inputs are transformed or inverted as needed,metric is not available in SEC-derived raw fundamentals yet
2026-03-30,Semiconductors,pb,pb,company_baseline,0.2,0.285714,13.415329,13.02,2026-05-30,2.243,1.19646,7,"AMD,ASML,AVGO,MU,NVDA,QCOM,TXN",StockAnalysis financial ratios,ok,SEC EDGAR point-in-time raw fundamentals plus sector_metric_baselines.csv where available; fallback to sector README 2026-05-30 calibration coefficients,preview: company_baseline uses raw company metric / 5Y company baseline; readme_calibration fallback uses calibration_coefficient * raw_metric(date) / raw_metric(calibration_date); yield inputs are transformed or inverted as needed,
2026-03-30,Semiconductors,ps,ps,company_baseline,0.25,0.357143,11.684029,10.285714,2026-05-30,2.161,1.191352,7,"AMD,ASML,AVGO,MU,NVDA,QCOM,TXN",StockAnalysis financial ratios,ok,SEC EDGAR point-in-time raw fundamentals plus sector_metric_baselines.csv where available; fallback to sector README 2026-05-30 calibration coefficients,preview: company_baseline uses raw company metric / 5Y company baseline; readme_calibration fallback uses calibration_coefficient * raw_metric(date) / raw_metric(calibration_date); yield inputs are transformed or inverted as needed,
2026-04-10,Semiconductors,ev_ebitda,ev_ebitda,company_baseline,0.25,0.357143,39.928629,27.665714,2026-05-30,1.743,1.377958,7,"AMD,ASML,AVGO,MU,NVDA,QCOM,TXN",StockAnalysis financial ratios,ok,SEC EDGAR point-in-time raw fundamentals plus sector_metric_baselines.csv where available; fallback to sector README 2026-05-30 calibration coefficients,preview: company_baseline uses raw company metric / 5Y company baseline; readme_calibration fallback uses calibration_coefficient * raw_metric(date) / raw_metric(calibration_date); yield inputs are transformed or inverted as needed,
2026-04-10,Semiconductors,forward_pe,,readme_calibration,0.3,,,,2026-05-30,1.302,,0,,,missing_raw_metric,SEC EDGAR point-in-time raw fundamentals plus sector_metric_baselines.csv where available; fallback to sector README 2026-05-30 calibration coefficients,preview: company_baseline uses raw company metric / 5Y company baseline; readme_calibration fallback uses calibration_coefficient * raw_metric(date) / raw_metric(calibration_date); yield inputs are transformed or inverted as needed,metric is not available in SEC-derived raw fundamentals yet
2026-04-10,Semiconductors,pb,pb,company_baseline,0.2,0.285714,15.857486,13.02,2026-05-30,2.243,1.456145,7,"AMD,ASML,AVGO,MU,NVDA,QCOM,TXN",StockAnalysis financial ratios,ok,SEC EDGAR point-in-time raw fundamentals plus sector_metric_baselines.csv where available; fallback to sector README 2026-05-30 calibration coefficients,preview: company_baseline uses raw company metric / 5Y company baseline; readme_calibration fallback uses calibration_coefficient * raw_metric(date) / raw_metric(calibration_date); yield inputs are transformed or inverted as needed,
2026-04-10,Semiconductors,ps,ps,company_baseline,0.25,0.357143,14.027543,10.285714,2026-05-30,2.161,1.439397,7,"AMD,ASML,AVGO,MU,NVDA,QCOM,TXN",StockAnalysis financial ratios,ok,SEC EDGAR point-in-time raw fundamentals plus sector_metric_baselines.csv where available; fallback to sector README 2026-05-30 calibration coefficients,preview: company_baseline uses raw company metric / 5Y company baseline; readme_calibration fallback uses calibration_coefficient * raw_metric(date) / raw_metric(calibration_date); yield inputs are transformed or inverted as needed,
2026-04-20,Semiconductors,ev_ebitda,ev_ebitda,company_baseline,0.25,0.357143,43.097857,27.665714,2026-05-30,1.743,1.478693,7,"AMD,ASML,AVGO,MU,NVDA,QCOM,TXN",StockAnalysis financial ratios,ok,SEC EDGAR point-in-time raw fundamentals plus sector_metric_baselines.csv where available; fallback to sector README 2026-05-30 calibration coefficients,preview: company_baseline uses raw company metric / 5Y company baseline; readme_calibration fallback uses calibration_coefficient * raw_metric(date) / raw_metric(calibration_date); yield inputs are transformed or inverted as needed,
2026-04-20,Semiconductors,forward_pe,,readme_calibration,0.3,,,,2026-05-30,1.302,,0,,,missing_raw_metric,SEC EDGAR point-in-time raw fundamentals plus sector_metric_baselines.csv where available; fallback to sector README 2026-05-30 calibration coefficients,preview: company_baseline uses raw company metric / 5Y company baseline; readme_calibration fallback uses calibration_coefficient * raw_metric(date) / raw_metric(calibration_date); yield inputs are transformed or inverted as needed,metric is not available in SEC-derived raw fundamentals yet
2026-04-20,Semiconductors,pb,pb,company_baseline,0.2,0.285714,16.772743,13.02,2026-05-30,2.243,1.551426,7,"AMD,ASML,AVGO,MU,NVDA,QCOM,TXN",StockAnalysis financial ratios,ok,SEC EDGAR point-in-time raw fundamentals plus sector_metric_baselines.csv where available; fallback to sector README 2026-05-30 calibration coefficients,preview: company_baseline uses raw company metric / 5Y company baseline; readme_calibration fallback uses calibration_coefficient * raw_metric(date) / raw_metric(calibration_date); yield inputs are transformed or inverted as needed,
2026-04-20,Semiconductors,ps,ps,company_baseline,0.25,0.357143,14.968086,10.285714,2026-05-30,2.161,1.537793,7,"AMD,ASML,AVGO,MU,NVDA,QCOM,TXN",StockAnalysis financial ratios,ok,SEC EDGAR point-in-time raw fundamentals plus sector_metric_baselines.csv where available; fallback to sector README 2026-05-30 calibration coefficients,preview: company_baseline uses raw company metric / 5Y company baseline; readme_calibration fallback uses calibration_coefficient * raw_metric(date) / raw_metric(calibration_date); yield inputs are transformed or inverted as needed,
2026-04-30,Semiconductors,ev_ebitda,ev_ebitda,company_baseline,0.25,0.357143,49.2354,27.665714,2026-05-30,1.743,1.685367,7,"AMD,ASML,AVGO,MU,NVDA,QCOM,TXN",StockAnalysis financial ratios,ok,SEC EDGAR point-in-time raw fundamentals plus sector_metric_baselines.csv where available; fallback to sector README 2026-05-30 calibration coefficients,preview: company_baseline uses raw company metric / 5Y company baseline; readme_calibration fallback uses calibration_coefficient * raw_metric(date) / raw_metric(calibration_date); yield inputs are transformed or inverted as needed,
2026-04-30,Semiconductors,forward_pe,,readme_calibration,0.3,,,,2026-05-30,1.302,,0,,,missing_raw_metric,SEC EDGAR point-in-time raw fundamentals plus sector_metric_baselines.csv where available; fallback to sector README 2026-05-30 calibration coefficients,preview: company_baseline uses raw company metric / 5Y company baseline; readme_calibration fallback uses calibration_coefficient * raw_metric(date) / raw_metric(calibration_date); yield inputs are transformed or inverted as needed,metric is not available in SEC-derived raw fundamentals yet
2026-04-30,Semiconductors,pb,pb,company_baseline,0.2,0.285714,17.609057,13.02,2026-05-30,2.243,1.711578,7,"AMD,ASML,AVGO,MU,NVDA,QCOM,TXN",StockAnalysis financial ratios,ok,SEC EDGAR point-in-time raw fundamentals plus sector_metric_baselines.csv where available; fallback to sector README 2026-05-30 calibration coefficients,preview: company_baseline uses raw company metric / 5Y company baseline; readme_calibration fallback uses calibration_coefficient * raw_metric(date) / raw_metric(calibration_date); yield inputs are transformed or inverted as needed,
2026-04-30,Semiconductors,ps,ps,company_baseline,0.25,0.357143,16.175614,10.285714,2026-05-30,2.161,1.723331,7,"AMD,ASML,AVGO,MU,NVDA,QCOM,TXN",StockAnalysis financial ratios,ok,SEC EDGAR point-in-time raw fundamentals plus sector_metric_baselines.csv where available; fallback to sector README 2026-05-30 calibration coefficients,preview: company_baseline uses raw company metric / 5Y company baseline; readme_calibration fallback uses calibration_coefficient * raw_metric(date) / raw_metric(calibration_date); yield inputs are transformed or inverted as needed,
2026-05-10,Semiconductors,ev_ebitda,ev_ebitda,company_baseline,0.25,0.357143,54.182043,27.665714,2026-05-30,1.743,1.88802,7,"AMD,ASML,AVGO,MU,NVDA,QCOM,TXN",StockAnalysis financial ratios,ok,SEC EDGAR point-in-time raw fundamentals plus sector_metric_baselines.csv where available; fallback to sector README 2026-05-30 calibration coefficients,preview: company_baseline uses raw company metric / 5Y company baseline; readme_calibration fallback uses calibration_coefficient * raw_metric(date) / raw_metric(calibration_date); yield inputs are transformed or inverted as needed,
2026-05-10,Semiconductors,forward_pe,,readme_calibration,0.3,,,,2026-05-30,1.302,,0,,,missing_raw_metric,SEC EDGAR point-in-time raw fundamentals plus sector_metric_baselines.csv where available; fallback to sector README 2026-05-30 calibration coefficients,preview: company_baseline uses raw company metric / 5Y company baseline; readme_calibration fallback uses calibration_coefficient * raw_metric(date) / raw_metric(calibration_date); yield inputs are transformed or inverted as needed,metric is not available in SEC-derived raw fundamentals yet
2026-05-10,Semiconductors,pb,pb,company_baseline,0.2,0.285714,19.605157,13.02,2026-05-30,2.243,2.088863,7,"AMD,ASML,AVGO,MU,NVDA,QCOM,TXN",StockAnalysis financial ratios,ok,SEC EDGAR point-in-time raw fundamentals plus sector_metric_baselines.csv where available; fallback to sector README 2026-05-30 calibration coefficients,preview: company_baseline uses raw company metric / 5Y company baseline; readme_calibration fallback uses calibration_coefficient * raw_metric(date) / raw_metric(calibration_date); yield inputs are transformed or inverted as needed,
2026-05-10,Semiconductors,ps,ps,company_baseline,0.25,0.357143,18.074414,10.285714,2026-05-30,2.161,2.0363,7,"AMD,ASML,AVGO,MU,NVDA,QCOM,TXN",StockAnalysis financial ratios,ok,SEC EDGAR point-in-time raw fundamentals plus sector_metric_baselines.csv where available; fallback to sector README 2026-05-30 calibration coefficients,preview: company_baseline uses raw company metric / 5Y company baseline; readme_calibration fallback uses calibration_coefficient * raw_metric(date) / raw_metric(calibration_date); yield inputs are transformed or inverted as needed,
2026-05-20,Semiconductors,ev_ebitda,ev_ebitda,company_baseline,0.25,0.357143,52.443314,27.665714,2026-05-30,1.743,1.839366,7,"AMD,ASML,AVGO,MU,NVDA,QCOM,TXN",StockAnalysis financial ratios,ok,SEC EDGAR point-in-time raw fundamentals plus sector_metric_baselines.csv where available; fallback to sector README 2026-05-30 calibration coefficients,preview: company_baseline uses raw company metric / 5Y company baseline; readme_calibration fallback uses calibration_coefficient * raw_metric(date) / raw_metric(calibration_date); yield inputs are transformed or inverted as needed,
2026-05-20,Semiconductors,forward_pe,,readme_calibration,0.3,,,,2026-05-30,1.302,,0,,,missing_raw_metric,SEC EDGAR point-in-time raw fundamentals plus sector_metric_baselines.csv where available; fallback to sector README 2026-05-30 calibration coefficients,preview: company_baseline uses raw company metric / 5Y company baseline; readme_calibration fallback uses calibration_coefficient * raw_metric(date) / raw_metric(calibration_date); yield inputs are transformed or inverted as needed,metric is not available in SEC-derived raw fundamentals yet
2026-05-20,Semiconductors,pb,pb,company_baseline,0.2,0.285714,18.567143,13.02,2026-05-30,2.243,2.030231,7,"AMD,ASML,AVGO,MU,NVDA,QCOM,TXN",StockAnalysis financial ratios,ok,SEC EDGAR point-in-time raw fundamentals plus sector_metric_baselines.csv where available; fallback to sector README 2026-05-30 calibration coefficients,preview: company_baseline uses raw company metric / 5Y company baseline; readme_calibration fallback uses calibration_coefficient * raw_metric(date) / raw_metric(calibration_date); yield inputs are transformed or inverted as needed,
2026-05-20,Semiconductors,ps,ps,company_baseline,0.25,0.357143,17.446614,10.285714,2026-05-30,2.161,1.984484,7,"AMD,ASML,AVGO,MU,NVDA,QCOM,TXN",StockAnalysis financial ratios,ok,SEC EDGAR point-in-time raw fundamentals plus sector_metric_baselines.csv where available; fallback to sector README 2026-05-30 calibration coefficients,preview: company_baseline uses raw company metric / 5Y company baseline; readme_calibration fallback uses calibration_coefficient * raw_metric(date) / raw_metric(calibration_date); yield inputs are transformed or inverted as needed,
2026-05-30,Semiconductors,ev_ebitda,ev_ebitda,company_baseline,0.25,0.357143,58.091429,27.665714,2026-05-30,1.743,2.065004,7,"AMD,ASML,AVGO,MU,NVDA,QCOM,TXN",StockAnalysis financial ratios,ok,SEC EDGAR point-in-time raw fundamentals plus sector_metric_baselines.csv where available; fallback to sector README 2026-05-30 calibration coefficients,preview: company_baseline uses raw company metric / 5Y company baseline; readme_calibration fallback uses calibration_coefficient * raw_metric(date) / raw_metric(calibration_date); yield inputs are transformed or inverted as needed,
2026-05-30,Semiconductors,forward_pe,,readme_calibration,0.3,,,,2026-05-30,1.302,,0,,,missing_raw_metric,SEC EDGAR point-in-time raw fundamentals plus sector_metric_baselines.csv where available; fallback to sector README 2026-05-30 calibration coefficients,preview: company_baseline uses raw company metric / 5Y company baseline; readme_calibration fallback uses calibration_coefficient * raw_metric(date) / raw_metric(calibration_date); yield inputs are transformed or inverted as needed,metric is not available in SEC-derived raw fundamentals yet
2026-05-30,Semiconductors,pb,pb,company_baseline,0.2,0.285714,19.823543,13.02,2026-05-30,2.243,2.386911,7,"AMD,ASML,AVGO,MU,NVDA,QCOM,TXN",StockAnalysis financial ratios,ok,SEC EDGAR point-in-time raw fundamentals plus sector_metric_baselines.csv where available; fallback to sector README 2026-05-30 calibration coefficients,preview: company_baseline uses raw company metric / 5Y company baseline; readme_calibration fallback uses calibration_coefficient * raw_metric(date) / raw_metric(calibration_date); yield inputs are transformed or inverted as needed,
2026-05-30,Semiconductors,ps,ps,company_baseline,0.25,0.357143,18.929914,10.285714,2026-05-30,2.161,2.284998,7,"AMD,ASML,AVGO,MU,NVDA,QCOM,TXN",StockAnalysis financial ratios,ok,SEC EDGAR point-in-time raw fundamentals plus sector_metric_baselines.csv where available; fallback to sector README 2026-05-30 calibration coefficients,preview: company_baseline uses raw company metric / 5Y company baseline; readme_calibration fallback uses calibration_coefficient * raw_metric(date) / raw_metric(calibration_date); yield inputs are transformed or inverted as needed,
2026-02-28,Technology,ev_ebitda,ev_ebitda,company_baseline,0.2,0.285714,20.5813,29.2125,2026-05-30,0.854,0.811606,8,"AAPL,ACN,ADBE,CRM,GOOG,META,MSFT,NOW",StockAnalysis financial ratios,ok,SEC EDGAR point-in-time raw fundamentals plus sector_metric_baselines.csv where available; fallback to sector README 2026-05-30 calibration coefficients,preview: company_baseline uses raw company metric / 5Y company baseline; readme_calibration fallback uses calibration_coefficient * raw_metric(date) / raw_metric(calibration_date); yield inputs are transformed or inverted as needed,
2026-02-28,Technology,forward_pe,,readme_calibration,0.3,,,,2026-05-30,0.799,,0,,,missing_raw_metric,SEC EDGAR point-in-time raw fundamentals plus sector_metric_baselines.csv where available; fallback to sector README 2026-05-30 calibration coefficients,preview: company_baseline uses raw company metric / 5Y company baseline; readme_calibration fallback uses calibration_coefficient * raw_metric(date) / raw_metric(calibration_date); yield inputs are transformed or inverted as needed,metric is not available in SEC-derived raw fundamentals yet
2026-02-28,Technology,p_fcf,fcf_yield,company_baseline,0.1,0.142857,26.270786,30.223333,2026-05-30,1.008,0.912125,9,"AAPL,ACN,ADBE,CRM,GOOG,IBM,META,MSFT,NOW",StockAnalysis financial ratios,ok,SEC EDGAR point-in-time raw fundamentals plus sector_metric_baselines.csv where available; fallback to sector README 2026-05-30 calibration coefficients,preview: company_baseline uses raw company metric / 5Y company baseline; readme_calibration fallback uses calibration_coefficient * raw_metric(date) / raw_metric(calibration_date); yield inputs are transformed or inverted as needed,
2026-02-28,Technology,pe,pe,company_baseline,0.2,0.285714,28.546156,74.392222,2026-05-30,0.694,0.678664,9,"AAPL,ACN,ADBE,CRM,GOOG,IBM,META,MSFT,NOW",StockAnalysis financial ratios,ok,SEC EDGAR point-in-time raw fundamentals plus sector_metric_baselines.csv where available; fallback to sector README 2026-05-30 calibration coefficients,preview: company_baseline uses raw company metric / 5Y company baseline; readme_calibration fallback uses calibration_coefficient * raw_metric(date) / raw_metric(calibration_date); yield inputs are transformed or inverted as needed,
2026-02-28,Technology,ps,ps,company_baseline,0.2,0.285714,6.538867,8.218889,2026-05-30,0.927,0.879324,9,"AAPL,ACN,ADBE,CRM,GOOG,IBM,META,MSFT,NOW",StockAnalysis financial ratios,ok,SEC EDGAR point-in-time raw fundamentals plus sector_metric_baselines.csv where available; fallback to sector README 2026-05-30 calibration coefficients,preview: company_baseline uses raw company metric / 5Y company baseline; readme_calibration fallback uses calibration_coefficient * raw_metric(date) / raw_metric(calibration_date); yield inputs are transformed or inverted as needed,
2026-03-10,Technology,ev_ebitda,ev_ebitda,company_baseline,0.2,0.285714,21.0479,29.2125,2026-05-30,0.854,0.816741,8,"AAPL,ACN,ADBE,CRM,GOOG,META,MSFT,NOW",StockAnalysis financial ratios,ok,SEC EDGAR point-in-time raw fundamentals plus sector_metric_baselines.csv where available; fallback to sector README 2026-05-30 calibration coefficients,preview: company_baseline uses raw company metric / 5Y company baseline; readme_calibration fallback uses calibration_coefficient * raw_metric(date) / raw_metric(calibration_date); yield inputs are transformed or inverted as needed,
2026-03-10,Technology,forward_pe,,readme_calibration,0.3,,,,2026-05-30,0.799,,0,,,missing_raw_metric,SEC EDGAR point-in-time raw fundamentals plus sector_metric_baselines.csv where available; fallback to sector README 2026-05-30 calibration coefficients,preview: company_baseline uses raw company metric / 5Y company baseline; readme_calibration fallback uses calibration_coefficient * raw_metric(date) / raw_metric(calibration_date); yield inputs are transformed or inverted as needed,metric is not available in SEC-derived raw fundamentals yet
2026-03-10,Technology,p_fcf,fcf_yield,company_baseline,0.1,0.142857,26.454955,30.223333,2026-05-30,1.008,0.915988,9,"AAPL,ACN,ADBE,CRM,GOOG,IBM,META,MSFT,NOW",StockAnalysis financial ratios,ok,SEC EDGAR point-in-time raw fundamentals plus sector_metric_baselines.csv where available; fallback to sector README 2026-05-30 calibration coefficients,preview: company_baseline uses raw company metric / 5Y company baseline; readme_calibration fallback uses calibration_coefficient * raw_metric(date) / raw_metric(calibration_date); yield inputs are transformed or inverted as needed,
2026-03-10,Technology,pe,pe,company_baseline,0.2,0.285714,29.131156,74.392222,2026-05-30,0.694,0.683412,9,"AAPL,ACN,ADBE,CRM,GOOG,IBM,META,MSFT,NOW",StockAnalysis financial ratios,ok,SEC EDGAR point-in-time raw fundamentals plus sector_metric_baselines.csv where available; fallback to sector README 2026-05-30 calibration coefficients,preview: company_baseline uses raw company metric / 5Y company baseline; readme_calibration fallback uses calibration_coefficient * raw_metric(date) / raw_metric(calibration_date); yield inputs are transformed or inverted as needed,
2026-03-10,Technology,ps,ps,company_baseline,0.2,0.285714,6.641367,8.218889,2026-05-30,0.927,0.88652,9,"AAPL,ACN,ADBE,CRM,GOOG,IBM,META,MSFT,NOW",StockAnalysis financial ratios,ok,SEC EDGAR point-in-time raw fundamentals plus sector_metric_baselines.csv where available; fallback to sector README 2026-05-30 calibration coefficients,preview: company_baseline uses raw company metric / 5Y company baseline; readme_calibration fallback uses calibration_coefficient * raw_metric(date) / raw_metric(calibration_date); yield inputs are transformed or inverted as needed,
2026-03-20,Technology,ev_ebitda,ev_ebitda,company_baseline,0.2,0.285714,19.997162,29.2125,2026-05-30,0.854,0.775929,8,"AAPL,ACN,ADBE,CRM,GOOG,META,MSFT,NOW",StockAnalysis financial ratios,ok,SEC EDGAR point-in-time raw fundamentals plus sector_metric_baselines.csv where available; fallback to sector README 2026-05-30 calibration coefficients,preview: company_baseline uses raw company metric / 5Y company baseline; readme_calibration fallback uses calibration_coefficient * raw_metric(date) / raw_metric(calibration_date); yield inputs are transformed or inverted as needed,
2026-03-20,Technology,forward_pe,,readme_calibration,0.3,,,,2026-05-30,0.799,,0,,,missing_raw_metric,SEC EDGAR point-in-time raw fundamentals plus sector_metric_baselines.csv where available; fallback to sector README 2026-05-30 calibration coefficients,preview: company_baseline uses raw company metric / 5Y company baseline; readme_calibration fallback uses calibration_coefficient * raw_metric(date) / raw_metric(calibration_date); yield inputs are transformed or inverted as needed,metric is not available in SEC-derived raw fundamentals yet
2026-03-20,Technology,p_fcf,fcf_yield,company_baseline,0.1,0.142857,25.141495,30.223333,2026-05-30,1.008,0.871513,9,"AAPL,ACN,ADBE,CRM,GOOG,IBM,META,MSFT,NOW",StockAnalysis financial ratios,ok,SEC EDGAR point-in-time raw fundamentals plus sector_metric_baselines.csv where available; fallback to sector README 2026-05-30 calibration coefficients,preview: company_baseline uses raw company metric / 5Y company baseline; readme_calibration fallback uses calibration_coefficient * raw_metric(date) / raw_metric(calibration_date); yield inputs are transformed or inverted as needed,
2026-03-20,Technology,pe,pe,company_baseline,0.2,0.285714,27.728156,74.392222,2026-05-30,0.694,0.647675,9,"AAPL,ACN,ADBE,CRM,GOOG,IBM,META,MSFT,NOW",StockAnalysis financial ratios,ok,SEC EDGAR point-in-time raw fundamentals plus sector_metric_baselines.csv where available; fallback to sector README 2026-05-30 calibration coefficients,preview: company_baseline uses raw company metric / 5Y company baseline; readme_calibration fallback uses calibration_coefficient * raw_metric(date) / raw_metric(calibration_date); yield inputs are transformed or inverted as needed,
2026-03-20,Technology,ps,ps,company_baseline,0.2,0.285714,6.291633,8.218889,2026-05-30,0.927,0.8441,9,"AAPL,ACN,ADBE,CRM,GOOG,IBM,META,MSFT,NOW",StockAnalysis financial ratios,ok,SEC EDGAR point-in-time raw fundamentals plus sector_metric_baselines.csv where available; fallback to sector README 2026-05-30 calibration coefficients,preview: company_baseline uses raw company metric / 5Y company baseline; readme_calibration fallback uses calibration_coefficient * raw_metric(date) / raw_metric(calibration_date); yield inputs are transformed or inverted as needed,
2026-03-30,Technology,ev_ebitda,ev_ebitda,company_baseline,0.2,0.285714,18.920613,29.2125,2026-05-30,0.854,0.731795,8,"AAPL,ACN,ADBE,CRM,GOOG,META,MSFT,NOW",StockAnalysis financial ratios,ok,SEC EDGAR point-in-time raw fundamentals plus sector_metric_baselines.csv where available; fallback to sector README 2026-05-30 calibration coefficients,preview: company_baseline uses raw company metric / 5Y company baseline; readme_calibration fallback uses calibration_coefficient * raw_metric(date) / raw_metric(calibration_date); yield inputs are transformed or inverted as needed,
2026-03-30,Technology,forward_pe,,readme_calibration,0.3,,,,2026-05-30,0.799,,0,,,missing_raw_metric,SEC EDGAR point-in-time raw fundamentals plus sector_metric_baselines.csv where available; fallback to sector README 2026-05-30 calibration coefficients,preview: company_baseline uses raw company metric / 5Y company baseline; readme_calibration fallback uses calibration_coefficient * raw_metric(date) / raw_metric(calibration_date); yield inputs are transformed or inverted as needed,metric is not available in SEC-derived raw fundamentals yet
2026-03-30,Technology,p_fcf,fcf_yield,company_baseline,0.1,0.142857,23.689869,30.223333,2026-05-30,1.008,0.823698,9,"AAPL,ACN,ADBE,CRM,GOOG,IBM,META,MSFT,NOW",StockAnalysis financial ratios,ok,SEC EDGAR point-in-time raw fundamentals plus sector_metric_baselines.csv where available; fallback to sector README 2026-05-30 calibration coefficients,preview: company_baseline uses raw company metric / 5Y company baseline; readme_calibration fallback uses calibration_coefficient * raw_metric(date) / raw_metric(calibration_date); yield inputs are transformed or inverted as needed,
2026-03-30,Technology,pe,pe,company_baseline,0.2,0.285714,26.365511,74.392222,2026-05-30,0.694,0.613703,9,"AAPL,ACN,ADBE,CRM,GOOG,IBM,META,MSFT,NOW",StockAnalysis financial ratios,ok,SEC EDGAR point-in-time raw fundamentals plus sector_metric_baselines.csv where available; fallback to sector README 2026-05-30 calibration coefficients,preview: company_baseline uses raw company metric / 5Y company baseline; readme_calibration fallback uses calibration_coefficient * raw_metric(date) / raw_metric(calibration_date); yield inputs are transformed or inverted as needed,
2026-03-30,Technology,ps,ps,company_baseline,0.2,0.285714,5.942078,8.218889,2026-05-30,0.927,0.800989,9,"AAPL,ACN,ADBE,CRM,GOOG,IBM,META,MSFT,NOW",StockAnalysis financial ratios,ok,SEC EDGAR point-in-time raw fundamentals plus sector_metric_baselines.csv where available; fallback to sector README 2026-05-30 calibration coefficients,preview: company_baseline uses raw company metric / 5Y company baseline; readme_calibration fallback uses calibration_coefficient * raw_metric(date) / raw_metric(calibration_date); yield inputs are transformed or inverted as needed,
2026-04-10,Technology,ev_ebitda,ev_ebitda,company_baseline,0.2,0.285714,18.357937,29.2125,2026-05-30,0.854,0.754832,8,"AAPL,ACN,ADBE,CRM,GOOG,META,MSFT,NOW",StockAnalysis financial ratios,ok,SEC EDGAR point-in-time raw fundamentals plus sector_metric_baselines.csv where available; fallback to sector README 2026-05-30 calibration coefficients,preview: company_baseline uses raw company metric / 5Y company baseline; readme_calibration fallback uses calibration_coefficient * raw_metric(date) / raw_metric(calibration_date); yield inputs are transformed or inverted as needed,
2026-04-10,Technology,forward_pe,,readme_calibration,0.3,,,,2026-05-30,0.799,,0,,,missing_raw_metric,SEC EDGAR point-in-time raw fundamentals plus sector_metric_baselines.csv where available; fallback to sector README 2026-05-30 calibration coefficients,preview: company_baseline uses raw company metric / 5Y company baseline; readme_calibration fallback uses calibration_coefficient * raw_metric(date) / raw_metric(calibration_date); yield inputs are transformed or inverted as needed,metric is not available in SEC-derived raw fundamentals yet
2026-04-10,Technology,p_fcf,fcf_yield,company_baseline,0.1,0.142857,24.426003,30.223333,2026-05-30,1.008,0.85454,9,"AAPL,ACN,ADBE,CRM,GOOG,IBM,META,MSFT,NOW",StockAnalysis financial ratios,ok,SEC EDGAR point-in-time raw fundamentals plus sector_metric_baselines.csv where available; fallback to sector README 2026-05-30 calibration coefficients,preview: company_baseline uses raw company metric / 5Y company baseline; readme_calibration fallback uses calibration_coefficient * raw_metric(date) / raw_metric(calibration_date); yield inputs are transformed or inverted as needed,
2026-04-10,Technology,pe,pe,company_baseline,0.2,0.285714,25.452189,74.392222,2026-05-30,0.694,0.642112,9,"AAPL,ACN,ADBE,CRM,GOOG,IBM,META,MSFT,NOW",StockAnalysis financial ratios,ok,SEC EDGAR point-in-time raw fundamentals plus sector_metric_baselines.csv where available; fallback to sector README 2026-05-30 calibration coefficients,preview: company_baseline uses raw company metric / 5Y company baseline; readme_calibration fallback uses calibration_coefficient * raw_metric(date) / raw_metric(calibration_date); yield inputs are transformed or inverted as needed,
2026-04-10,Technology,ps,ps,company_baseline,0.2,0.285714,6.002911,8.218889,2026-05-30,0.927,0.820746,9,"AAPL,ACN,ADBE,CRM,GOOG,IBM,META,MSFT,NOW",StockAnalysis financial ratios,ok,SEC EDGAR point-in-time raw fundamentals plus sector_metric_baselines.csv where available; fallback to sector README 2026-05-30 calibration coefficients,preview: company_baseline uses raw company metric / 5Y company baseline; readme_calibration fallback uses calibration_coefficient * raw_metric(date) / raw_metric(calibration_date); yield inputs are transformed or inverted as needed,
2026-04-20,Technology,ev_ebitda,ev_ebitda,company_baseline,0.2,0.285714,20.368163,29.2125,2026-05-30,0.854,0.820176,8,"AAPL,ACN,ADBE,CRM,GOOG,META,MSFT,NOW",StockAnalysis financial ratios,ok,SEC EDGAR point-in-time raw fundamentals plus sector_metric_baselines.csv where available; fallback to sector README 2026-05-30 calibration coefficients,preview: company_baseline uses raw company metric / 5Y company baseline; readme_calibration fallback uses calibration_coefficient * raw_metric(date) / raw_metric(calibration_date); yield inputs are transformed or inverted as needed,
2026-04-20,Technology,forward_pe,,readme_calibration,0.3,,,,2026-05-30,0.799,,0,,,missing_raw_metric,SEC EDGAR point-in-time raw fundamentals plus sector_metric_baselines.csv where available; fallback to sector README 2026-05-30 calibration coefficients,preview: company_baseline uses raw company metric / 5Y company baseline; readme_calibration fallback uses calibration_coefficient * raw_metric(date) / raw_metric(calibration_date); yield inputs are transformed or inverted as needed,metric is not available in SEC-derived raw fundamentals yet
2026-04-20,Technology,p_fcf,fcf_yield,company_baseline,0.1,0.142857,26.680051,30.223333,2026-05-30,1.008,0.928712,9,"AAPL,ACN,ADBE,CRM,GOOG,IBM,META,MSFT,NOW",StockAnalysis financial ratios,ok,SEC EDGAR point-in-time raw fundamentals plus sector_metric_baselines.csv where available; fallback to sector README 2026-05-30 calibration coefficients,preview: company_baseline uses raw company metric / 5Y company baseline; readme_calibration fallback uses calibration_coefficient * raw_metric(date) / raw_metric(calibration_date); yield inputs are transformed or inverted as needed,
2026-04-20,Technology,pe,pe,company_baseline,0.2,0.285714,28.263544,74.392222,2026-05-30,0.694,0.694776,9,"AAPL,ACN,ADBE,CRM,GOOG,IBM,META,MSFT,NOW",StockAnalysis financial ratios,ok,SEC EDGAR point-in-time raw fundamentals plus sector_metric_baselines.csv where available; fallback to sector README 2026-05-30 calibration coefficients,preview: company_baseline uses raw company metric / 5Y company baseline; readme_calibration fallback uses calibration_coefficient * raw_metric(date) / raw_metric(calibration_date); yield inputs are transformed or inverted as needed,
2026-04-20,Technology,ps,ps,company_baseline,0.2,0.285714,6.593589,8.218889,2026-05-30,0.927,0.893423,9,"AAPL,ACN,ADBE,CRM,GOOG,IBM,META,MSFT,NOW",StockAnalysis financial ratios,ok,SEC EDGAR point-in-time raw fundamentals plus sector_metric_baselines.csv where available; fallback to sector README 2026-05-30 calibration coefficients,preview: company_baseline uses raw company metric / 5Y company baseline; readme_calibration fallback uses calibration_coefficient * raw_metric(date) / raw_metric(calibration_date); yield inputs are transformed or inverted as needed,
2026-04-30,Technology,ev_ebitda,ev_ebitda,company_baseline,0.2,0.285714,19.02415,29.2125,2026-05-30,0.854,0.781313,8,"AAPL,ACN,ADBE,CRM,GOOG,META,MSFT,NOW",StockAnalysis financial ratios,ok,SEC EDGAR point-in-time raw fundamentals plus sector_metric_baselines.csv where available; fallback to sector README 2026-05-30 calibration coefficients,preview: company_baseline uses raw company metric / 5Y company baseline; readme_calibration fallback uses calibration_coefficient * raw_metric(date) / raw_metric(calibration_date); yield inputs are transformed or inverted as needed,
2026-04-30,Technology,forward_pe,,readme_calibration,0.3,,,,2026-05-30,0.799,,0,,,missing_raw_metric,SEC EDGAR point-in-time raw fundamentals plus sector_metric_baselines.csv where available; fallback to sector README 2026-05-30 calibration coefficients,preview: company_baseline uses raw company metric / 5Y company baseline; readme_calibration fallback uses calibration_coefficient * raw_metric(date) / raw_metric(calibration_date); yield inputs are transformed or inverted as needed,metric is not available in SEC-derived raw fundamentals yet
2026-04-30,Technology,p_fcf,fcf_yield,company_baseline,0.1,0.142857,27.255662,30.223333,2026-05-30,1.008,0.933369,9,"AAPL,ACN,ADBE,CRM,GOOG,IBM,META,MSFT,NOW",StockAnalysis financial ratios,ok,SEC EDGAR point-in-time raw fundamentals plus sector_metric_baselines.csv where available; fallback to sector README 2026-05-30 calibration coefficients,preview: company_baseline uses raw company metric / 5Y company baseline; readme_calibration fallback uses calibration_coefficient * raw_metric(date) / raw_metric(calibration_date); yield inputs are transformed or inverted as needed,
2026-04-30,Technology,pe,pe,company_baseline,0.2,0.285714,25.708844,74.392222,2026-05-30,0.694,0.63244,9,"AAPL,ACN,ADBE,CRM,GOOG,IBM,META,MSFT,NOW",StockAnalysis financial ratios,ok,SEC EDGAR point-in-time raw fundamentals plus sector_metric_baselines.csv where available; fallback to sector README 2026-05-30 calibration coefficients,preview: company_baseline uses raw company metric / 5Y company baseline; readme_calibration fallback uses calibration_coefficient * raw_metric(date) / raw_metric(calibration_date); yield inputs are transformed or inverted as needed,
2026-04-30,Technology,ps,ps,company_baseline,0.2,0.285714,6.236233,8.218889,2026-05-30,0.927,0.847946,9,"AAPL,ACN,ADBE,CRM,GOOG,IBM,META,MSFT,NOW",StockAnalysis financial ratios,ok,SEC EDGAR point-in-time raw fundamentals plus sector_metric_baselines.csv where available; fallback to sector README 2026-05-30 calibration coefficients,preview: company_baseline uses raw company metric / 5Y company baseline; readme_calibration fallback uses calibration_coefficient * raw_metric(date) / raw_metric(calibration_date); yield inputs are transformed or inverted as needed,
2026-05-10,Technology,ev_ebitda,ev_ebitda,company_baseline,0.2,0.285714,19.550712,29.2125,2026-05-30,0.854,0.800916,8,"AAPL,ACN,ADBE,CRM,GOOG,META,MSFT,NOW",StockAnalysis financial ratios,ok,SEC EDGAR point-in-time raw fundamentals plus sector_metric_baselines.csv where available; fallback to sector README 2026-05-30 calibration coefficients,preview: company_baseline uses raw company metric / 5Y company baseline; readme_calibration fallback uses calibration_coefficient * raw_metric(date) / raw_metric(calibration_date); yield inputs are transformed or inverted as needed,
2026-05-10,Technology,forward_pe,,readme_calibration,0.3,,,,2026-05-30,0.799,,0,,,missing_raw_metric,SEC EDGAR point-in-time raw fundamentals plus sector_metric_baselines.csv where available; fallback to sector README 2026-05-30 calibration coefficients,preview: company_baseline uses raw company metric / 5Y company baseline; readme_calibration fallback uses calibration_coefficient * raw_metric(date) / raw_metric(calibration_date); yield inputs are transformed or inverted as needed,metric is not available in SEC-derived raw fundamentals yet
2026-05-10,Technology,p_fcf,fcf_yield,company_baseline,0.1,0.142857,28.072509,30.223333,2026-05-30,1.008,0.958663,9,"AAPL,ACN,ADBE,CRM,GOOG,IBM,META,MSFT,NOW",StockAnalysis financial ratios,ok,SEC EDGAR point-in-time raw fundamentals plus sector_metric_baselines.csv where available; fallback to sector README 2026-05-30 calibration coefficients,preview: company_baseline uses raw company metric / 5Y company baseline; readme_calibration fallback uses calibration_coefficient * raw_metric(date) / raw_metric(calibration_date); yield inputs are transformed or inverted as needed,
2026-05-10,Technology,pe,pe,company_baseline,0.2,0.285714,26.328711,74.392222,2026-05-30,0.694,0.645942,9,"AAPL,ACN,ADBE,CRM,GOOG,IBM,META,MSFT,NOW",StockAnalysis financial ratios,ok,SEC EDGAR point-in-time raw fundamentals plus sector_metric_baselines.csv where available; fallback to sector README 2026-05-30 calibration coefficients,preview: company_baseline uses raw company metric / 5Y company baseline; readme_calibration fallback uses calibration_coefficient * raw_metric(date) / raw_metric(calibration_date); yield inputs are transformed or inverted as needed,
2026-05-10,Technology,ps,ps,company_baseline,0.2,0.285714,6.393767,8.218889,2026-05-30,0.927,0.866482,9,"AAPL,ACN,ADBE,CRM,GOOG,IBM,META,MSFT,NOW",StockAnalysis financial ratios,ok,SEC EDGAR point-in-time raw fundamentals plus sector_metric_baselines.csv where available; fallback to sector README 2026-05-30 calibration coefficients,preview: company_baseline uses raw company metric / 5Y company baseline; readme_calibration fallback uses calibration_coefficient * raw_metric(date) / raw_metric(calibration_date); yield inputs are transformed or inverted as needed,
2026-05-20,Technology,ev_ebitda,ev_ebitda,company_baseline,0.2,0.285714,20.1092,29.2125,2026-05-30,0.854,0.805693,8,"AAPL,ACN,ADBE,CRM,GOOG,META,MSFT,NOW",StockAnalysis financial ratios,ok,SEC EDGAR point-in-time raw fundamentals plus sector_metric_baselines.csv where available; fallback to sector README 2026-05-30 calibration coefficients,preview: company_baseline uses raw company metric / 5Y company baseline; readme_calibration fallback uses calibration_coefficient * raw_metric(date) / raw_metric(calibration_date); yield inputs are transformed or inverted as needed,
2026-05-20,Technology,forward_pe,,readme_calibration,0.3,,,,2026-05-30,0.799,,0,,,missing_raw_metric,SEC EDGAR point-in-time raw fundamentals plus sector_metric_baselines.csv where available; fallback to sector README 2026-05-30 calibration coefficients,preview: company_baseline uses raw company metric / 5Y company baseline; readme_calibration fallback uses calibration_coefficient * raw_metric(date) / raw_metric(calibration_date); yield inputs are transformed or inverted as needed,metric is not available in SEC-derived raw fundamentals yet
2026-05-20,Technology,p_fcf,fcf_yield,company_baseline,0.1,0.142857,28.220234,30.223333,2026-05-30,1.008,0.957711,9,"AAPL,ACN,ADBE,CRM,GOOG,IBM,META,MSFT,NOW",StockAnalysis financial ratios,ok,SEC EDGAR point-in-time raw fundamentals plus sector_metric_baselines.csv where available; fallback to sector README 2026-05-30 calibration coefficients,preview: company_baseline uses raw company metric / 5Y company baseline; readme_calibration fallback uses calibration_coefficient * raw_metric(date) / raw_metric(calibration_date); yield inputs are transformed or inverted as needed,
2026-05-20,Technology,pe,pe,company_baseline,0.2,0.285714,27.077722,74.392222,2026-05-30,0.694,0.647826,9,"AAPL,ACN,ADBE,CRM,GOOG,IBM,META,MSFT,NOW",StockAnalysis financial ratios,ok,SEC EDGAR point-in-time raw fundamentals plus sector_metric_baselines.csv where available; fallback to sector README 2026-05-30 calibration coefficients,preview: company_baseline uses raw company metric / 5Y company baseline; readme_calibration fallback uses calibration_coefficient * raw_metric(date) / raw_metric(calibration_date); yield inputs are transformed or inverted as needed,
2026-05-20,Technology,ps,ps,company_baseline,0.2,0.285714,6.484133,8.218889,2026-05-30,0.927,0.868014,9,"AAPL,ACN,ADBE,CRM,GOOG,IBM,META,MSFT,NOW",StockAnalysis financial ratios,ok,SEC EDGAR point-in-time raw fundamentals plus sector_metric_baselines.csv where available; fallback to sector README 2026-05-30 calibration coefficients,preview: company_baseline uses raw company metric / 5Y company baseline; readme_calibration fallback uses calibration_coefficient * raw_metric(date) / raw_metric(calibration_date); yield inputs are transformed or inverted as needed,
2026-05-30,Technology,ev_ebitda,ev_ebitda,company_baseline,0.2,0.285714,21.50915,29.2125,2026-05-30,0.854,0.83667,8,"AAPL,ACN,ADBE,CRM,GOOG,META,MSFT,NOW",StockAnalysis financial ratios,ok,SEC EDGAR point-in-time raw fundamentals plus sector_metric_baselines.csv where available; fallback to sector README 2026-05-30 calibration coefficients,preview: company_baseline uses raw company metric / 5Y company baseline; readme_calibration fallback uses calibration_coefficient * raw_metric(date) / raw_metric(calibration_date); yield inputs are transformed or inverted as needed,
2026-05-30,Technology,forward_pe,,readme_calibration,0.3,,,,2026-05-30,0.799,,0,,,missing_raw_metric,SEC EDGAR point-in-time raw fundamentals plus sector_metric_baselines.csv where available; fallback to sector README 2026-05-30 calibration coefficients,preview: company_baseline uses raw company metric / 5Y company baseline; readme_calibration fallback uses calibration_coefficient * raw_metric(date) / raw_metric(calibration_date); yield inputs are transformed or inverted as needed,metric is not available in SEC-derived raw fundamentals yet
2026-05-30,Technology,p_fcf,fcf_yield,company_baseline,0.1,0.142857,29.751355,30.223333,2026-05-30,1.008,1.01924,9,"AAPL,ACN,ADBE,CRM,GOOG,IBM,META,MSFT,NOW",StockAnalysis financial ratios,ok,SEC EDGAR point-in-time raw fundamentals plus sector_metric_baselines.csv where available; fallback to sector README 2026-05-30 calibration coefficients,preview: company_baseline uses raw company metric / 5Y company baseline; readme_calibration fallback uses calibration_coefficient * raw_metric(date) / raw_metric(calibration_date); yield inputs are transformed or inverted as needed,
2026-05-30,Technology,pe,pe,company_baseline,0.2,0.285714,29.319267,74.392222,2026-05-30,0.694,0.686794,9,"AAPL,ACN,ADBE,CRM,GOOG,IBM,META,MSFT,NOW",StockAnalysis financial ratios,ok,SEC EDGAR point-in-time raw fundamentals plus sector_metric_baselines.csv where available; fallback to sector README 2026-05-30 calibration coefficients,preview: company_baseline uses raw company metric / 5Y company baseline; readme_calibration fallback uses calibration_coefficient * raw_metric(date) / raw_metric(calibration_date); yield inputs are transformed or inverted as needed,
2026-05-30,Technology,ps,ps,company_baseline,0.2,0.285714,6.8674,8.218889,2026-05-30,0.927,0.928074,9,"AAPL,ACN,ADBE,CRM,GOOG,IBM,META,MSFT,NOW",StockAnalysis financial ratios,ok,SEC EDGAR point-in-time raw fundamentals plus sector_metric_baselines.csv where available; fallback to sector README 2026-05-30 calibration coefficients,preview: company_baseline uses raw company metric / 5Y company baseline; readme_calibration fallback uses calibration_coefficient * raw_metric(date) / raw_metric(calibration_date); yield inputs are transformed or inverted as needed,
