date,sector,coefficient,metric,metric_coefficient,metric_weight,source,comment
2025-10-10,Agriculture & Chemicals,1.1818,sector_score,,,build_sector_scores_timeframe.py over SEC EDGAR point-in-time fyn_agriculture_chemicals_current_20251010_summary.csv; norm fyn_agriculture_chemicals_norm_summary.csv,status=ok; pe: 1.0872 x 29.4% | ev_ebitda: 1.1600 x 29.4% | ps: 1.0446 x 23.5% | fcf_yield: 1.5589 x 17.6%
2025-11-10,Agriculture & Chemicals,1.1345,sector_score,,,build_sector_scores_timeframe.py over SEC EDGAR point-in-time fyn_agriculture_chemicals_current_20251110_summary.csv; norm fyn_agriculture_chemicals_norm_summary.csv,status=ok; pe: 1.0446 x 29.4% | ev_ebitda: 1.1663 x 29.4% | ps: 1.0342 x 23.5% | fcf_yield: 1.3649 x 17.6%
2025-12-10,Agriculture & Chemicals,1.174,sector_score,,,build_sector_scores_timeframe.py over SEC EDGAR point-in-time fyn_agriculture_chemicals_current_20251210_summary.csv; norm fyn_agriculture_chemicals_norm_summary.csv,status=ok; pe: 0.9294 x 29.4% | ev_ebitda: 1.5029 x 29.4% | ps: 0.9835 x 23.5% | fcf_yield: 1.2875 x 17.6%
2026-01-10,Agriculture & Chemicals,1.2604,sector_score,,,build_sector_scores_timeframe.py over SEC EDGAR point-in-time fyn_agriculture_chemicals_current_20260110_summary.csv; norm fyn_agriculture_chemicals_norm_summary.csv,status=ok; pe: 1.0011 x 29.4% | ev_ebitda: 1.5679 x 29.4% | ps: 1.0779 x 23.5% | fcf_yield: 1.4231 x 17.6%
2026-02-10,Agriculture & Chemicals,1.3099,sector_score,,,build_sector_scores_timeframe.py over SEC EDGAR point-in-time fyn_agriculture_chemicals_current_20260210_summary.csv; norm fyn_agriculture_chemicals_norm_summary.csv,status=ok; pe: 1.0484 x 29.4% | ev_ebitda: 1.6013 x 29.4% | ps: 1.1506 x 23.5% | fcf_yield: 1.4722 x 17.6%
2026-03-10,Agriculture & Chemicals,1.7182,sector_score,,,build_sector_scores_timeframe.py over SEC EDGAR point-in-time fyn_agriculture_chemicals_current_20260310_summary.csv; norm fyn_agriculture_chemicals_norm_summary.csv,status=ok; pe: 1.1125 x 29.4% | ev_ebitda: 3.0976 x 29.4% | ps: 1.0528 x 23.5% | fcf_yield: 1.3162 x 17.6%
2026-04-10,Agriculture & Chemicals,1.7907,sector_score,,,build_sector_scores_timeframe.py over SEC EDGAR point-in-time fyn_agriculture_chemicals_current_20260410_summary.csv; norm fyn_agriculture_chemicals_norm_summary.csv,status=ok; pe: 1.1219 x 29.4% | ev_ebitda: 3.3447 x 29.4% | ps: 1.0426 x 23.5% | fcf_yield: 1.3126 x 17.6%
2026-05-10,Agriculture & Chemicals,1.0701,sector_score,,,build_sector_scores_timeframe.py over SEC EDGAR point-in-time fyn_agriculture_chemicals_current_20260510_summary.csv; norm fyn_agriculture_chemicals_norm_summary.csv,status=ok; pe: 1.0191 x 29.4% | ev_ebitda: 1.1528 x 29.4% | ps: 0.9536 x 23.5% | fcf_yield: 1.1729 x 17.6%
2026-06-20,Agriculture & Chemicals,1.0949,sector_score,,,build_sector_scores_timeframe.py over SEC EDGAR point-in-time fyn_agriculture_chemicals_current_20260620_summary.csv; norm fyn_agriculture_chemicals_norm_summary.csv,status=ok; pe: 1.0583 x 29.4% | ev_ebitda: 1.1462 x 29.4% | ps: 0.9906 x 23.5% | fcf_yield: 1.2093 x 17.6%
2026-07-10,Agriculture & Chemicals,1.1357,sector_score,,,build_sector_scores_timeframe.py over SEC EDGAR point-in-time fyn_agriculture_chemicals_current_20260710_summary.csv; norm fyn_agriculture_chemicals_norm_summary.csv,status=ok; pe: 1.0948 x 29.4% | ev_ebitda: 1.2027 x 29.4% | ps: 1.0188 x 23.5% | fcf_yield: 1.2483 x 17.6%
2026-08-10,Agriculture & Chemicals,1.7044,sector_score,,,build_sector_scores_timeframe.py over SEC EDGAR point-in-time fyn_agriculture_chemicals_current_20260810_summary.csv; norm fyn_agriculture_chemicals_norm_summary.csv,status=ok; pe: 1.1140 x 29.4% | ev_ebitda: 2.8977 x 29.4% | ps: 1.0447 x 23.5% | fcf_yield: 1.5794 x 17.6%
2026-09-10,Agriculture & Chemicals,1.6063,sector_score,,,build_sector_scores_timeframe.py over SEC EDGAR point-in-time fyn_agriculture_chemicals_current_20260910_summary.csv; norm fyn_agriculture_chemicals_norm_summary.csv,status=ok; pe: 1.0337 x 29.4% | ev_ebitda: 2.7527 x 29.4% | ps: 0.9626 x 23.5% | fcf_yield: 1.5083 x 17.6%
2025-10-10,Banks,1.6326,sector_score,,,build_sector_scores_timeframe.py over SEC EDGAR point-in-time fyn_banks_current_20251010_summary.csv; norm fyn_banks_norm_summary.csv,status=ok; pb: 1.7356 x 63.6% | pe: 1.4524 x 36.4%
2025-11-10,Banks,1.6561,sector_score,,,build_sector_scores_timeframe.py over SEC EDGAR point-in-time fyn_banks_current_20251110_summary.csv; norm fyn_banks_norm_summary.csv,status=ok; pb: 1.7891 x 63.6% | pe: 1.4234 x 36.4%
2025-12-10,Banks,1.7949,sector_score,,,build_sector_scores_timeframe.py over SEC EDGAR point-in-time fyn_banks_current_20251210_summary.csv; norm fyn_banks_norm_summary.csv,status=ok; pb: 1.9956 x 63.6% | pe: 1.4437 x 36.4%
2026-01-10,Banks,1.8983,sector_score,,,build_sector_scores_timeframe.py over SEC EDGAR point-in-time fyn_banks_current_20260110_summary.csv; norm fyn_banks_norm_summary.csv,status=ok; pb: 2.1072 x 63.6% | pe: 1.5325 x 36.4%
2026-02-10,Banks,1.8941,sector_score,,,build_sector_scores_timeframe.py over SEC EDGAR point-in-time fyn_banks_current_20260210_summary.csv; norm fyn_banks_norm_summary.csv,status=ok; pb: 2.1298 x 63.6% | pe: 1.4817 x 36.4%
2026-03-10,Banks,1.6654,sector_score,,,build_sector_scores_timeframe.py over SEC EDGAR point-in-time fyn_banks_current_20260310_summary.csv; norm fyn_banks_norm_summary.csv,status=ok; pb: 1.8430 x 63.6% | pe: 1.3546 x 36.4%
2026-04-10,Banks,1.8258,sector_score,,,build_sector_scores_timeframe.py over SEC EDGAR point-in-time fyn_banks_current_20260410_summary.csv; norm fyn_banks_norm_summary.csv,status=ok; pb: 2.0065 x 63.6% | pe: 1.5094 x 36.4%
2026-05-10,Banks,1.8689,sector_score,,,build_sector_scores_timeframe.py over SEC EDGAR point-in-time fyn_banks_current_20260510_summary.csv; norm fyn_banks_norm_summary.csv,status=ok; pb: 2.0698 x 63.6% | pe: 1.5174 x 36.4%
2026-06-20,Banks,2.0492,sector_score,,,build_sector_scores_timeframe.py over SEC EDGAR point-in-time fyn_banks_current_20260620_summary.csv; norm fyn_banks_norm_summary.csv,status=ok; pb: 2.2282 x 63.6% | pe: 1.7360 x 36.4%
2026-07-10,Banks,2.0883,sector_score,,,build_sector_scores_timeframe.py over SEC EDGAR point-in-time fyn_banks_current_20260710_summary.csv; norm fyn_banks_norm_summary.csv,status=ok; pb: 2.3053 x 63.6% | pe: 1.7084 x 36.4%
2026-08-10,Banks,1.9845,sector_score,,,build_sector_scores_timeframe.py over SEC EDGAR point-in-time fyn_banks_current_20260810_summary.csv; norm fyn_banks_norm_summary.csv,status=ok; pb: 2.2844 x 63.6% | pe: 1.4597 x 36.4%
2026-09-10,Banks,1.9546,sector_score,,,build_sector_scores_timeframe.py over SEC EDGAR point-in-time fyn_banks_current_20260910_summary.csv; norm fyn_banks_norm_summary.csv,status=ok; pb: 2.2518 x 63.6% | pe: 1.4344 x 36.4%
2025-10-10,Commodities,0.9618,sector_score,,,build_sector_scores_timeframe.py over SEC EDGAR point-in-time fyn_commodities_current_20251010_summary.csv; norm fyn_commodities_norm_summary.csv,status=ok; ev_ebitda: 0.9174 x 29.4% | fcf_yield: 1.0467 x 23.5% | pb: 1.3153 x 23.5% | pe: 0.5789 x 23.5%
2025-11-10,Commodities,1.1173,sector_score,,,build_sector_scores_timeframe.py over SEC EDGAR point-in-time fyn_commodities_current_20251110_summary.csv; norm fyn_commodities_norm_summary.csv,status=ok; ev_ebitda: 1.3498 x 29.4% | fcf_yield: 1.2350 x 23.5% | pb: 1.2960 x 23.5% | pe: 0.5303 x 23.5%
2025-12-10,Commodities,1.2008,sector_score,,,build_sector_scores_timeframe.py over SEC EDGAR point-in-time fyn_commodities_current_20251210_summary.csv; norm fyn_commodities_norm_summary.csv,status=ok; ev_ebitda: 1.3924 x 29.4% | fcf_yield: 1.3315 x 23.5% | pb: 1.4298 x 23.5% | pe: 0.6016 x 23.5%
2026-01-10,Commodities,1.4311,sector_score,,,build_sector_scores_timeframe.py over SEC EDGAR point-in-time fyn_commodities_current_20260110_summary.csv; norm fyn_commodities_norm_summary.csv,status=ok; ev_ebitda: 1.6441 x 29.4% | fcf_yield: 1.5963 x 23.5% | pb: 1.6985 x 23.5% | pe: 0.7321 x 23.5%
2026-02-10,Commodities,1.632,sector_score,,,build_sector_scores_timeframe.py over SEC EDGAR point-in-time fyn_commodities_current_20260210_summary.csv; norm fyn_commodities_norm_summary.csv,status=ok; ev_ebitda: 1.9133 x 29.4% | fcf_yield: 1.8277 x 23.5% | pb: 1.8977 x 23.5% | pe: 0.8192 x 23.5%
2026-03-10,Commodities,1.4309,sector_score,,,build_sector_scores_timeframe.py over SEC EDGAR point-in-time fyn_commodities_current_20260310_summary.csv; norm fyn_commodities_norm_summary.csv,status=ok; ev_ebitda: 1.7064 x 29.4% | fcf_yield: 1.2731 x 23.5% | pb: 1.8359 x 23.5% | pe: 0.8392 x 23.5%
2026-04-10,Commodities,1.4685,sector_score,,,build_sector_scores_timeframe.py over SEC EDGAR point-in-time fyn_commodities_current_20260410_summary.csv; norm fyn_commodities_norm_summary.csv,status=ok; ev_ebitda: 1.6755 x 29.4% | fcf_yield: 1.2970 x 23.5% | pb: 1.9377 x 23.5% | pe: 0.9118 x 23.5%
2026-05-10,Commodities,1.4425,sector_score,,,build_sector_scores_timeframe.py over SEC EDGAR point-in-time fyn_commodities_current_20260510_summary.csv; norm fyn_commodities_norm_summary.csv,status=ok; ev_ebitda: 1.4464 x 29.4% | fcf_yield: 1.3883 x 23.5% | pb: 1.7374 x 23.5% | pe: 1.1971 x 23.5%
2026-06-20,Commodities,1.4475,sector_score,,,build_sector_scores_timeframe.py over SEC EDGAR point-in-time fyn_commodities_current_20260620_summary.csv; norm fyn_commodities_norm_summary.csv,status=ok; ev_ebitda: 1.5053 x 29.4% | fcf_yield: 1.2587 x 23.5% | pb: 1.7651 x 23.5% | pe: 1.2465 x 23.5%
2026-07-10,Commodities,1.2957,sector_score,,,build_sector_scores_timeframe.py over SEC EDGAR point-in-time fyn_commodities_current_20260710_summary.csv; norm fyn_commodities_norm_summary.csv,status=ok; ev_ebitda: 1.3734 x 29.4% | fcf_yield: 1.0575 x 23.5% | pb: 1.5963 x 23.5% | pe: 1.1360 x 23.5%
2026-08-10,Commodities,1.3398,sector_score,,,build_sector_scores_timeframe.py over SEC EDGAR point-in-time fyn_commodities_current_20260810_summary.csv; norm fyn_commodities_norm_summary.csv,status=ok; ev_ebitda: 1.4013 x 29.4% | fcf_yield: 0.6592 x 23.5% | pb: 1.8308 x 23.5% | pe: 1.4526 x 23.5%
2026-09-10,Commodities,1.3454,sector_score,,,build_sector_scores_timeframe.py over SEC EDGAR point-in-time fyn_commodities_current_20260910_summary.csv; norm fyn_commodities_norm_summary.csv,status=ok; ev_ebitda: 1.3497 x 29.4% | fcf_yield: 0.6882 x 23.5% | pb: 1.8985 x 23.5% | pe: 1.4442 x 23.5%
2025-10-10,Consumer Discretionary,0.7622,sector_score,,,build_sector_scores_timeframe.py over SEC EDGAR point-in-time fyn_consumer_discretionary_current_20251010_summary.csv; norm fyn_consumer_discretionary_norm_summary.csv,status=ok; pe: 0.8017 x 33.3% | ev_ebitda: 0.7490 x 27.8% | ps: 0.6092 x 22.2% | fcf_yield: 0.9096 x 16.7%
2025-11-10,Consumer Discretionary,0.7472,sector_score,,,build_sector_scores_timeframe.py over SEC EDGAR point-in-time fyn_consumer_discretionary_current_20251110_summary.csv; norm fyn_consumer_discretionary_norm_summary.csv,status=ok; pe: 0.7968 x 33.3% | ev_ebitda: 0.7394 x 27.8% | ps: 0.5849 x 22.2% | fcf_yield: 0.8772 x 16.7%
2025-12-10,Consumer Discretionary,0.7382,sector_score,,,build_sector_scores_timeframe.py over SEC EDGAR point-in-time fyn_consumer_discretionary_current_20251210_summary.csv; norm fyn_consumer_discretionary_norm_summary.csv,status=ok; pe: 0.7927 x 33.3% | ev_ebitda: 0.7088 x 27.8% | ps: 0.5889 x 22.2% | fcf_yield: 0.8774 x 16.7%
2026-01-10,Consumer Discretionary,0.7658,sector_score,,,build_sector_scores_timeframe.py over SEC EDGAR point-in-time fyn_consumer_discretionary_current_20260110_summary.csv; norm fyn_consumer_discretionary_norm_summary.csv,status=ok; pe: 0.8137 x 33.3% | ev_ebitda: 0.7508 x 27.8% | ps: 0.6090 x 22.2% | fcf_yield: 0.9040 x 16.7%
2026-02-10,Consumer Discretionary,0.7782,sector_score,,,build_sector_scores_timeframe.py over SEC EDGAR point-in-time fyn_consumer_discretionary_current_20260210_summary.csv; norm fyn_consumer_discretionary_norm_summary.csv,status=ok; pe: 0.8548 x 33.3% | ev_ebitda: 0.7195 x 27.8% | ps: 0.6088 x 22.2% | fcf_yield: 0.9490 x 16.7%
2026-03-10,Consumer Discretionary,0.7411,sector_score,,,build_sector_scores_timeframe.py over SEC EDGAR point-in-time fyn_consumer_discretionary_current_20260310_summary.csv; norm fyn_consumer_discretionary_norm_summary.csv,status=ok; pe: 0.8138 x 33.3% | ev_ebitda: 0.7009 x 27.8% | ps: 0.5504 x 22.2% | fcf_yield: 0.9171 x 16.7%
2026-04-10,Consumer Discretionary,0.7188,sector_score,,,build_sector_scores_timeframe.py over SEC EDGAR point-in-time fyn_consumer_discretionary_current_20260410_summary.csv; norm fyn_consumer_discretionary_norm_summary.csv,status=ok; pe: 0.7743 x 33.3% | ev_ebitda: 0.7019 x 27.8% | ps: 0.5149 x 22.2% | fcf_yield: 0.9078 x 16.7%
2026-05-10,Consumer Discretionary,0.6609,sector_score,,,build_sector_scores_timeframe.py over SEC EDGAR point-in-time fyn_consumer_discretionary_current_20260510_summary.csv; norm fyn_consumer_discretionary_norm_summary.csv,status=ok; pe: 0.7083 x 33.3% | ev_ebitda: 0.6654 x 27.8% | ps: 0.4780 x 22.2% | fcf_yield: 0.8027 x 16.7%
2026-06-20,Consumer Discretionary,0.6858,sector_score,,,build_sector_scores_timeframe.py over SEC EDGAR point-in-time fyn_consumer_discretionary_current_20260620_summary.csv; norm fyn_consumer_discretionary_norm_summary.csv,status=ok; pe: 0.7307 x 33.3% | ev_ebitda: 0.6963 x 27.8% | ps: 0.4859 x 22.2% | fcf_yield: 0.8453 x 16.7%
2026-07-10,Consumer Discretionary,0.6807,sector_score,,,build_sector_scores_timeframe.py over SEC EDGAR point-in-time fyn_consumer_discretionary_current_20260710_summary.csv; norm fyn_consumer_discretionary_norm_summary.csv,status=ok; pe: 0.7399 x 33.3% | ev_ebitda: 0.7132 x 27.8% | ps: 0.4863 x 22.2% | fcf_yield: 0.7677 x 16.7%
2026-08-10,Consumer Discretionary,0.6628,sector_score,,,build_sector_scores_timeframe.py over SEC EDGAR point-in-time fyn_consumer_discretionary_current_20260810_summary.csv; norm fyn_consumer_discretionary_norm_summary.csv,status=ok; pe: 0.6642 x 33.3% | ev_ebitda: 0.7270 x 27.8% | ps: 0.4892 x 22.2% | fcf_yield: 0.7844 x 16.7%
2026-09-10,Consumer Discretionary,0.5755,sector_score,,,build_sector_scores_timeframe.py over SEC EDGAR point-in-time fyn_consumer_discretionary_current_20260910_summary.csv; norm fyn_consumer_discretionary_norm_summary.csv,status=ok; pe: 0.5920 x 33.3% | ev_ebitda: 0.6330 x 27.8% | ps: 0.4240 x 22.2% | fcf_yield: 0.6485 x 16.7%
2025-10-10,Delivery & Logistics,1.0807,sector_score,,,build_sector_scores_timeframe.py over SEC EDGAR point-in-time fyn_delivery_logistics_current_20251010_summary.csv; norm fyn_delivery_logistics_norm_summary.csv,status=ok; ev_ebitda: 1.0029 x 40.0% | pe: 1.0149 x 33.3% | ps: 1.2797 x 26.7%
2025-11-10,Delivery & Logistics,1.1086,sector_score,,,build_sector_scores_timeframe.py over SEC EDGAR point-in-time fyn_delivery_logistics_current_20251110_summary.csv; norm fyn_delivery_logistics_norm_summary.csv,status=ok; ev_ebitda: 1.0747 x 40.0% | pe: 0.9447 x 33.3% | ps: 1.3645 x 26.7%
2025-12-10,Delivery & Logistics,1.1944,sector_score,,,build_sector_scores_timeframe.py over SEC EDGAR point-in-time fyn_delivery_logistics_current_20251210_summary.csv; norm fyn_delivery_logistics_norm_summary.csv,status=ok; ev_ebitda: 1.1615 x 40.0% | pe: 1.0115 x 33.3% | ps: 1.4724 x 26.7%
2026-01-10,Delivery & Logistics,1.2016,sector_score,,,build_sector_scores_timeframe.py over SEC EDGAR point-in-time fyn_delivery_logistics_current_20260110_summary.csv; norm fyn_delivery_logistics_norm_summary.csv,status=ok; ev_ebitda: 1.1324 x 40.0% | pe: 1.0970 x 33.3% | ps: 1.4362 x 26.7%
2026-02-10,Delivery & Logistics,1.5343,sector_score,,,build_sector_scores_timeframe.py over SEC EDGAR point-in-time fyn_delivery_logistics_current_20260210_summary.csv; norm fyn_delivery_logistics_norm_summary.csv,status=ok; ev_ebitda: 1.5426 x 40.0% | pe: 1.2050 x 33.3% | ps: 1.9333 x 26.7%
2026-03-10,Delivery & Logistics,1.4393,sector_score,,,build_sector_scores_timeframe.py over SEC EDGAR point-in-time fyn_delivery_logistics_current_20260310_summary.csv; norm fyn_delivery_logistics_norm_summary.csv,status=ok; ev_ebitda: 1.5003 x 40.0% | pe: 1.0128 x 33.3% | ps: 1.8810 x 26.7%
2026-04-10,Delivery & Logistics,1.5013,sector_score,,,build_sector_scores_timeframe.py over SEC EDGAR point-in-time fyn_delivery_logistics_current_20260410_summary.csv; norm fyn_delivery_logistics_norm_summary.csv,status=ok; ev_ebitda: 1.6414 x 40.0% | pe: 1.0337 x 33.3% | ps: 1.8758 x 26.7%
2026-05-10,Delivery & Logistics,1.5247,sector_score,,,build_sector_scores_timeframe.py over SEC EDGAR point-in-time fyn_delivery_logistics_current_20260510_summary.csv; norm fyn_delivery_logistics_norm_summary.csv,status=ok; ev_ebitda: 1.5429 x 40.0% | pe: 1.1832 x 33.3% | ps: 1.9244 x 26.7%
2026-06-20,Delivery & Logistics,1.4698,sector_score,,,build_sector_scores_timeframe.py over SEC EDGAR point-in-time fyn_delivery_logistics_current_20260620_summary.csv; norm fyn_delivery_logistics_norm_summary.csv,status=ok; ev_ebitda: 1.5048 x 40.0% | pe: 1.1420 x 33.3% | ps: 1.8272 x 26.7%
2026-07-10,Delivery & Logistics,1.5338,sector_score,,,build_sector_scores_timeframe.py over SEC EDGAR point-in-time fyn_delivery_logistics_current_20260710_summary.csv; norm fyn_delivery_logistics_norm_summary.csv,status=ok; ev_ebitda: 1.5686 x 40.0% | pe: 1.1982 x 33.3% | ps: 1.9012 x 26.7%
2026-08-10,Delivery & Logistics,1.4833,sector_score,,,build_sector_scores_timeframe.py over SEC EDGAR point-in-time fyn_delivery_logistics_current_20260810_summary.csv; norm fyn_delivery_logistics_norm_summary.csv,status=ok; ev_ebitda: 1.4111 x 40.0% | pe: 1.2829 x 33.3% | ps: 1.8419 x 26.7%
2026-09-10,Delivery & Logistics,1.3677,sector_score,,,build_sector_scores_timeframe.py over SEC EDGAR point-in-time fyn_delivery_logistics_current_20260910_summary.csv; norm fyn_delivery_logistics_norm_summary.csv,status=ok; ev_ebitda: 1.2818 x 40.0% | pe: 1.2247 x 33.3% | ps: 1.6752 x 26.7%
2025-10-10,Drugs,0.9494,sector_score,,,build_sector_scores_timeframe.py over SEC EDGAR point-in-time fyn_drugs_current_20251010_summary.csv; norm fyn_drugs_norm_summary.csv,status=provisional; pe: 0.8742 x 50.0% | ps: 1.0734 x 16.7% | fcf_yield: 1.0000 x 33.3%; missing weighted metrics: ev_ebitda; remaining weights renormalised
2025-11-10,Drugs,0.9023,sector_score,,,build_sector_scores_timeframe.py over SEC EDGAR point-in-time fyn_drugs_current_20251110_summary.csv; norm fyn_drugs_norm_summary.csv,status=provisional; pe: 0.7794 x 50.0% | ps: 1.0433 x 16.7% | fcf_yield: 1.0162 x 33.3%; missing weighted metrics: ev_ebitda; remaining weights renormalised
2025-12-10,Drugs,0.9835,sector_score,,,build_sector_scores_timeframe.py over SEC EDGAR point-in-time fyn_drugs_current_20251210_summary.csv; norm fyn_drugs_norm_summary.csv,status=provisional; pe: 0.8544 x 50.0% | ps: 1.1437 x 16.7% | fcf_yield: 1.0970 x 33.3%; missing weighted metrics: ev_ebitda; remaining weights renormalised
2026-01-10,Drugs,0.9962,sector_score,,,build_sector_scores_timeframe.py over SEC EDGAR point-in-time fyn_drugs_current_20260110_summary.csv; norm fyn_drugs_norm_summary.csv,status=provisional; pe: 0.8455 x 50.0% | ps: 1.1318 x 16.7% | fcf_yield: 1.1545 x 33.3%; missing weighted metrics: ev_ebitda; remaining weights renormalised
2026-02-10,Drugs,1.1109,sector_score,,,build_sector_scores_timeframe.py over SEC EDGAR point-in-time fyn_drugs_current_20260210_summary.csv; norm fyn_drugs_norm_summary.csv,status=provisional; pe: 0.9860 x 50.0% | ps: 1.3199 x 16.7% | fcf_yield: 1.1937 x 33.3%; missing weighted metrics: ev_ebitda; remaining weights renormalised
2026-03-10,Drugs,1.1265,sector_score,,,build_sector_scores_timeframe.py over SEC EDGAR point-in-time fyn_drugs_current_20260310_summary.csv; norm fyn_drugs_norm_summary.csv,status=provisional; pe: 0.9450 x 50.0% | ps: 1.3206 x 16.7% | fcf_yield: 1.3016 x 33.3%; missing weighted metrics: ev_ebitda; remaining weights renormalised
2026-04-10,Drugs,1.0961,sector_score,,,build_sector_scores_timeframe.py over SEC EDGAR point-in-time fyn_drugs_current_20260410_summary.csv; norm fyn_drugs_norm_summary.csv,status=provisional; pe: 0.9247 x 50.0% | ps: 1.2733 x 16.7% | fcf_yield: 1.2645 x 33.3%; missing weighted metrics: ev_ebitda; remaining weights renormalised
2026-05-10,Drugs,1.2108,sector_score,,,build_sector_scores_timeframe.py over SEC EDGAR point-in-time fyn_drugs_current_20260510_summary.csv; norm fyn_drugs_norm_summary.csv,status=provisional; pe: 1.3279 x 50.0% | ps: 1.1710 x 16.7% | fcf_yield: 1.0551 x 33.3%; missing weighted metrics: ev_ebitda; remaining weights renormalised
2026-06-20,Drugs,1.249,sector_score,,,build_sector_scores_timeframe.py over SEC EDGAR point-in-time fyn_drugs_current_20260620_summary.csv; norm fyn_drugs_norm_summary.csv,status=provisional; pe: 1.3576 x 50.0% | ps: 1.2084 x 16.7% | fcf_yield: 1.1066 x 33.3%; missing weighted metrics: ev_ebitda; remaining weights renormalised
2026-07-10,Drugs,1.3744,sector_score,,,build_sector_scores_timeframe.py over SEC EDGAR point-in-time fyn_drugs_current_20260710_summary.csv; norm fyn_drugs_norm_summary.csv,status=provisional; pe: 1.4729 x 50.0% | ps: 1.3597 x 16.7% | fcf_yield: 1.2340 x 33.3%; missing weighted metrics: ev_ebitda; remaining weights renormalised
2026-08-10,Drugs,1.5776,sector_score,,,build_sector_scores_timeframe.py over SEC EDGAR point-in-time fyn_drugs_current_20260810_summary.csv; norm fyn_drugs_norm_summary.csv,status=provisional; pe: 1.8725 x 50.0% | ps: 1.3646 x 16.7% | fcf_yield: 1.2416 x 33.3%; missing weighted metrics: ev_ebitda; remaining weights renormalised
2026-09-10,Drugs,1.5272,sector_score,,,build_sector_scores_timeframe.py over SEC EDGAR point-in-time fyn_drugs_current_20260910_summary.csv; norm fyn_drugs_norm_summary.csv,status=provisional; pe: 1.7070 x 50.0% | ps: 1.3882 x 16.7% | fcf_yield: 1.3271 x 33.3%; missing weighted metrics: ev_ebitda; remaining weights renormalised
2025-10-10,Energy,1.1097,sector_score,,,build_sector_scores_timeframe.py over SEC EDGAR point-in-time fyn_energy_current_20251010_summary.csv; norm fyn_energy_norm_summary.csv,status=ok; ev_ebitda: 0.6679 x 33.3% | fcf_yield: 1.7389 x 33.3% | pe: 1.1347 x 16.7% | pb: 0.7099 x 16.7%
2025-11-10,Energy,1.3298,sector_score,,,build_sector_scores_timeframe.py over SEC EDGAR point-in-time fyn_energy_current_20251110_summary.csv; norm fyn_energy_norm_summary.csv,status=ok; ev_ebitda: 0.6811 x 33.3% | fcf_yield: 2.2112 x 33.3% | pe: 1.4404 x 16.7% | pb: 0.7540 x 16.7%
2025-12-10,Energy,1.3421,sector_score,,,build_sector_scores_timeframe.py over SEC EDGAR point-in-time fyn_energy_current_20251210_summary.csv; norm fyn_energy_norm_summary.csv,status=ok; ev_ebitda: 0.7142 x 33.3% | fcf_yield: 2.1509 x 33.3% | pe: 1.5583 x 16.7% | pb: 0.7640 x 16.7%
2026-01-10,Energy,1.3931,sector_score,,,build_sector_scores_timeframe.py over SEC EDGAR point-in-time fyn_energy_current_20260110_summary.csv; norm fyn_energy_norm_summary.csv,status=ok; ev_ebitda: 0.6699 x 33.3% | fcf_yield: 2.3030 x 33.3% | pe: 1.6705 x 16.7% | pb: 0.7423 x 16.7%
2026-02-10,Energy,1.5774,sector_score,,,build_sector_scores_timeframe.py over SEC EDGAR point-in-time fyn_energy_current_20260210_summary.csv; norm fyn_energy_norm_summary.csv,status=ok; ev_ebitda: 0.7228 x 33.3% | fcf_yield: 2.5892 x 33.3% | pe: 2.0322 x 16.7% | pb: 0.8080 x 16.7%
2026-03-10,Energy,1.5862,sector_score,,,build_sector_scores_timeframe.py over SEC EDGAR point-in-time fyn_energy_current_20260310_summary.csv; norm fyn_energy_norm_summary.csv,status=ok; ev_ebitda: 0.8514 x 33.3% | fcf_yield: 2.4380 x 33.3% | pe: 2.0302 x 16.7% | pb: 0.9082 x 16.7%
2026-04-10,Energy,1.6365,sector_score,,,build_sector_scores_timeframe.py over SEC EDGAR point-in-time fyn_energy_current_20260410_summary.csv; norm fyn_energy_norm_summary.csv,status=ok; ev_ebitda: 0.9096 x 33.3% | fcf_yield: 2.4676 x 33.3% | pe: 2.0978 x 16.7% | pb: 0.9671 x 16.7%
2026-05-10,Energy,1.7377,sector_score,,,build_sector_scores_timeframe.py over SEC EDGAR point-in-time fyn_energy_current_20260510_summary.csv; norm fyn_energy_norm_summary.csv,status=ok; ev_ebitda: 0.7872 x 33.3% | fcf_yield: 2.8563 x 33.3% | pe: 2.2540 x 16.7% | pb: 0.8849 x 16.7%
2026-06-20,Energy,1.6627,sector_score,,,build_sector_scores_timeframe.py over SEC EDGAR point-in-time fyn_energy_current_20260620_summary.csv; norm fyn_energy_norm_summary.csv,status=ok; ev_ebitda: 0.7869 x 33.3% | fcf_yield: 2.7307 x 33.3% | pe: 2.0564 x 16.7% | pb: 0.8845 x 16.7%
2026-07-10,Energy,1.6852,sector_score,,,build_sector_scores_timeframe.py over SEC EDGAR point-in-time fyn_energy_current_20260710_summary.csv; norm fyn_energy_norm_summary.csv,status=ok; ev_ebitda: 0.8133 x 33.3% | fcf_yield: 2.7742 x 33.3% | pe: 2.0423 x 16.7% | pb: 0.8936 x 16.7%
2026-08-10,Energy,1.2218,sector_score,,,build_sector_scores_timeframe.py over SEC EDGAR point-in-time fyn_energy_current_20260810_summary.csv; norm fyn_energy_norm_summary.csv,status=ok; ev_ebitda: 0.7176 x 33.3% | fcf_yield: 1.6613 x 33.3% | pe: 1.6484 x 16.7% | pb: 0.9245 x 16.7%
2026-09-10,Energy,1.3115,sector_score,,,build_sector_scores_timeframe.py over SEC EDGAR point-in-time fyn_energy_current_20260910_summary.csv; norm fyn_energy_norm_summary.csv,status=ok; ev_ebitda: 0.7459 x 33.3% | fcf_yield: 1.7829 x 33.3% | pe: 1.8163 x 16.7% | pb: 0.9948 x 16.7%
2025-10-10,Food & Staples,0.8893,sector_score,,,build_sector_scores_timeframe.py over SEC EDGAR point-in-time fyn_food_current_20251010_summary.csv; norm fyn_food_norm_summary.csv,status=ok; pe: 0.9684 x 42.9% | ev_ebitda: 0.8799 x 35.7% | ps: 0.7469 x 21.4%
2025-11-10,Food & Staples,0.8625,sector_score,,,build_sector_scores_timeframe.py over SEC EDGAR point-in-time fyn_food_current_20251110_summary.csv; norm fyn_food_norm_summary.csv,status=ok; pe: 0.9203 x 42.9% | ev_ebitda: 0.8848 x 35.7% | ps: 0.7097 x 21.4%
2025-12-10,Food & Staples,0.9089,sector_score,,,build_sector_scores_timeframe.py over SEC EDGAR point-in-time fyn_food_current_20251210_summary.csv; norm fyn_food_norm_summary.csv,status=ok; pe: 0.9660 x 42.9% | ev_ebitda: 0.9386 x 35.7% | ps: 0.7450 x 21.4%
2026-01-10,Food & Staples,0.8968,sector_score,,,build_sector_scores_timeframe.py over SEC EDGAR point-in-time fyn_food_current_20260110_summary.csv; norm fyn_food_norm_summary.csv,status=ok; pe: 0.9592 x 42.9% | ev_ebitda: 0.9423 x 35.7% | ps: 0.6963 x 21.4%
2026-02-10,Food & Staples,1.0368,sector_score,,,build_sector_scores_timeframe.py over SEC EDGAR point-in-time fyn_food_current_20260210_summary.csv; norm fyn_food_norm_summary.csv,status=ok; pe: 1.1617 x 42.9% | ev_ebitda: 1.0188 x 35.7% | ps: 0.8167 x 21.4%
2026-03-10,Food & Staples,1.1363,sector_score,,,build_sector_scores_timeframe.py over SEC EDGAR point-in-time fyn_food_current_20260310_summary.csv; norm fyn_food_norm_summary.csv,status=ok; pe: 1.3423 x 42.9% | ev_ebitda: 1.0990 x 35.7% | ps: 0.7864 x 21.4%
2026-04-10,Food & Staples,1.1063,sector_score,,,build_sector_scores_timeframe.py over SEC EDGAR point-in-time fyn_food_current_20260410_summary.csv; norm fyn_food_norm_summary.csv,status=ok; pe: 1.3251 x 42.9% | ev_ebitda: 1.0465 x 35.7% | ps: 0.7682 x 21.4%
2026-05-10,Food & Staples,1.037,sector_score,,,build_sector_scores_timeframe.py over SEC EDGAR point-in-time fyn_food_current_20260510_summary.csv; norm fyn_food_norm_summary.csv,status=ok; pe: 1.1750 x 42.9% | ev_ebitda: 1.0471 x 35.7% | ps: 0.7443 x 21.4%
2026-06-20,Food & Staples,0.9543,sector_score,,,build_sector_scores_timeframe.py over SEC EDGAR point-in-time fyn_food_current_20260620_summary.csv; norm fyn_food_norm_summary.csv,status=ok; pe: 1.0909 x 42.9% | ev_ebitda: 0.9528 x 35.7% | ps: 0.6836 x 21.4%
2026-07-10,Food & Staples,0.8425,sector_score,,,build_sector_scores_timeframe.py over SEC EDGAR point-in-time fyn_food_current_20260710_summary.csv; norm fyn_food_norm_summary.csv,status=ok; pe: 0.9866 x 42.9% | ev_ebitda: 0.7848 x 35.7% | ps: 0.6505 x 21.4%
2026-08-10,Food & Staples,0.7449,sector_score,,,build_sector_scores_timeframe.py over SEC EDGAR point-in-time fyn_food_current_20260810_summary.csv; norm fyn_food_norm_summary.csv,status=ok; pe: 0.8485 x 42.9% | ev_ebitda: 0.6761 x 35.7% | ps: 0.6521 x 21.4%
2026-09-10,Food & Staples,0.7167,sector_score,,,build_sector_scores_timeframe.py over SEC EDGAR point-in-time fyn_food_current_20260910_summary.csv; norm fyn_food_norm_summary.csv,status=ok; pe: 0.8095 x 42.9% | ev_ebitda: 0.6472 x 35.7% | ps: 0.6470 x 21.4%
2025-10-10,Insurance,0.8433,sector_score,,,build_sector_scores_timeframe.py over SEC EDGAR point-in-time fyn_insurance_current_20251010_summary.csv; norm fyn_insurance_norm_summary.csv,status=ok; pb: 0.8165 x 54.5% | pe: 0.8754 x 45.5%
2025-11-10,Insurance,0.7485,sector_score,,,build_sector_scores_timeframe.py over SEC EDGAR point-in-time fyn_insurance_current_20251110_summary.csv; norm fyn_insurance_norm_summary.csv,status=ok; pb: 0.7201 x 54.5% | pe: 0.7825 x 45.5%
2025-12-10,Insurance,0.7654,sector_score,,,build_sector_scores_timeframe.py over SEC EDGAR point-in-time fyn_insurance_current_20251210_summary.csv; norm fyn_insurance_norm_summary.csv,status=ok; pb: 0.7253 x 54.5% | pe: 0.8136 x 45.5%
2026-01-10,Insurance,0.776,sector_score,,,build_sector_scores_timeframe.py over SEC EDGAR point-in-time fyn_insurance_current_20260110_summary.csv; norm fyn_insurance_norm_summary.csv,status=ok; pb: 0.7618 x 54.5% | pe: 0.7929 x 45.5%
2026-02-10,Insurance,0.7262,sector_score,,,build_sector_scores_timeframe.py over SEC EDGAR point-in-time fyn_insurance_current_20260210_summary.csv; norm fyn_insurance_norm_summary.csv,status=ok; pb: 0.6516 x 54.5% | pe: 0.8158 x 45.5%
2026-03-10,Insurance,0.7258,sector_score,,,build_sector_scores_timeframe.py over SEC EDGAR point-in-time fyn_insurance_current_20260310_summary.csv; norm fyn_insurance_norm_summary.csv,status=ok; pb: 0.6470 x 54.5% | pe: 0.8204 x 45.5%
2026-04-10,Insurance,0.743,sector_score,,,build_sector_scores_timeframe.py over SEC EDGAR point-in-time fyn_insurance_current_20260410_summary.csv; norm fyn_insurance_norm_summary.csv,status=ok; pb: 0.6812 x 54.5% | pe: 0.8171 x 45.5%
2026-05-10,Insurance,0.7564,sector_score,,,build_sector_scores_timeframe.py over SEC EDGAR point-in-time fyn_insurance_current_20260510_summary.csv; norm fyn_insurance_norm_summary.csv,status=ok; pb: 0.7574 x 54.5% | pe: 0.7552 x 45.5%
2026-06-20,Insurance,0.7729,sector_score,,,build_sector_scores_timeframe.py over SEC EDGAR point-in-time fyn_insurance_current_20260620_summary.csv; norm fyn_insurance_norm_summary.csv,status=ok; pb: 0.7947 x 54.5% | pe: 0.7468 x 45.5%
2026-07-10,Insurance,0.8346,sector_score,,,build_sector_scores_timeframe.py over SEC EDGAR point-in-time fyn_insurance_current_20260710_summary.csv; norm fyn_insurance_norm_summary.csv,status=ok; pb: 0.8628 x 54.5% | pe: 0.8009 x 45.5%
2026-08-10,Insurance,0.9687,sector_score,,,build_sector_scores_timeframe.py over SEC EDGAR point-in-time fyn_insurance_current_20260810_summary.csv; norm fyn_insurance_norm_summary.csv,status=ok; pb: 1.0515 x 54.5% | pe: 0.8693 x 45.5%
2026-09-10,Insurance,0.9268,sector_score,,,build_sector_scores_timeframe.py over SEC EDGAR point-in-time fyn_insurance_current_20260910_summary.csv; norm fyn_insurance_norm_summary.csv,status=ok; pb: 0.9989 x 54.5% | pe: 0.8404 x 45.5%
2025-10-10,Medtech & Life Science Tools,0.9426,sector_score,,,build_sector_scores_timeframe.py over SEC EDGAR point-in-time fyn_medical_services_current_20251010_summary.csv; norm fyn_medical_services_norm_summary.csv,status=ok; pe: 0.7666 x 42.9% | ev_ebitda: 1.0449 x 35.7% | ps: 1.1240 x 21.4%
2025-11-10,Medtech & Life Science Tools,0.9427,sector_score,,,build_sector_scores_timeframe.py over SEC EDGAR point-in-time fyn_medical_services_current_20251110_summary.csv; norm fyn_medical_services_norm_summary.csv,status=ok; pe: 0.8382 x 42.9% | ev_ebitda: 1.0045 x 35.7% | ps: 1.0486 x 21.4%
2025-12-10,Medtech & Life Science Tools,0.9456,sector_score,,,build_sector_scores_timeframe.py over SEC EDGAR point-in-time fyn_medical_services_current_20251210_summary.csv; norm fyn_medical_services_norm_summary.csv,status=ok; pe: 0.8345 x 42.9% | ev_ebitda: 1.0251 x 35.7% | ps: 1.0352 x 21.4%
2026-01-10,Medtech & Life Science Tools,0.9956,sector_score,,,build_sector_scores_timeframe.py over SEC EDGAR point-in-time fyn_medical_services_current_20260110_summary.csv; norm fyn_medical_services_norm_summary.csv,status=ok; pe: 0.9000 x 42.9% | ev_ebitda: 1.0378 x 35.7% | ps: 1.1164 x 21.4%
2026-02-10,Medtech & Life Science Tools,0.9628,sector_score,,,build_sector_scores_timeframe.py over SEC EDGAR point-in-time fyn_medical_services_current_20260210_summary.csv; norm fyn_medical_services_norm_summary.csv,status=ok; pe: 0.9475 x 42.9% | ev_ebitda: 0.9745 x 35.7% | ps: 0.9738 x 21.4%
2026-03-10,Medtech & Life Science Tools,0.8234,sector_score,,,build_sector_scores_timeframe.py over SEC EDGAR point-in-time fyn_medical_services_current_20260310_summary.csv; norm fyn_medical_services_norm_summary.csv,status=ok; pe: 0.7496 x 42.9% | ev_ebitda: 0.8600 x 35.7% | ps: 0.9101 x 21.4%
2026-04-10,Medtech & Life Science Tools,0.7992,sector_score,,,build_sector_scores_timeframe.py over SEC EDGAR point-in-time fyn_medical_services_current_20260410_summary.csv; norm fyn_medical_services_norm_summary.csv,status=ok; pe: 0.7664 x 42.9% | ev_ebitda: 0.7968 x 35.7% | ps: 0.8686 x 21.4%
2026-05-10,Medtech & Life Science Tools,0.6951,sector_score,,,build_sector_scores_timeframe.py over SEC EDGAR point-in-time fyn_medical_services_current_20260510_summary.csv; norm fyn_medical_services_norm_summary.csv,status=ok; pe: 0.6408 x 42.9% | ev_ebitda: 0.6954 x 35.7% | ps: 0.8029 x 21.4%
2026-06-20,Medtech & Life Science Tools,0.6653,sector_score,,,build_sector_scores_timeframe.py over SEC EDGAR point-in-time fyn_medical_services_current_20260620_summary.csv; norm fyn_medical_services_norm_summary.csv,status=ok; pe: 0.6403 x 42.9% | ev_ebitda: 0.6645 x 35.7% | ps: 0.7165 x 21.4%
2026-07-10,Medtech & Life Science Tools,0.7087,sector_score,,,build_sector_scores_timeframe.py over SEC EDGAR point-in-time fyn_medical_services_current_20260710_summary.csv; norm fyn_medical_services_norm_summary.csv,status=ok; pe: 0.7264 x 42.9% | ev_ebitda: 0.6560 x 35.7% | ps: 0.7612 x 21.4%
2026-08-10,Medtech & Life Science Tools,0.7628,sector_score,,,build_sector_scores_timeframe.py over SEC EDGAR point-in-time fyn_medical_services_current_20260810_summary.csv; norm fyn_medical_services_norm_summary.csv,status=ok; pe: 0.7894 x 42.9% | ev_ebitda: 0.6676 x 35.7% | ps: 0.8682 x 21.4%
2026-09-10,Medtech & Life Science Tools,0.7076,sector_score,,,build_sector_scores_timeframe.py over SEC EDGAR point-in-time fyn_medical_services_current_20260910_summary.csv; norm fyn_medical_services_norm_summary.csv,status=ok; pe: 0.7600 x 42.9% | ev_ebitda: 0.6200 x 35.7% | ps: 0.7487 x 21.4%
2025-10-10,Mining,1.1667,sector_score,,,build_sector_scores_timeframe.py over SEC EDGAR point-in-time fyn_mining_current_20251010_summary.csv; norm fyn_mining_norm_summary.csv,status=ok; ev_ebitda: 1.2570 x 29.4% | fcf_yield: 1.4461 x 23.5% | pb: 1.2256 x 23.5% | pe: 0.7157 x 23.5%
2025-11-10,Mining,1.2037,sector_score,,,build_sector_scores_timeframe.py over SEC EDGAR point-in-time fyn_mining_current_20251110_summary.csv; norm fyn_mining_norm_summary.csv,status=ok; ev_ebitda: 1.3144 x 29.4% | fcf_yield: 1.6205 x 23.5% | pb: 1.1964 x 23.5% | pe: 0.6557 x 23.5%
2025-12-10,Mining,1.2972,sector_score,,,build_sector_scores_timeframe.py over SEC EDGAR point-in-time fyn_mining_current_20251210_summary.csv; norm fyn_mining_norm_summary.csv,status=ok; ev_ebitda: 1.3917 x 29.4% | fcf_yield: 1.6727 x 23.5% | pb: 1.3571 x 23.5% | pe: 0.7437 x 23.5%
2026-01-10,Mining,1.5537,sector_score,,,build_sector_scores_timeframe.py over SEC EDGAR point-in-time fyn_mining_current_20260110_summary.csv; norm fyn_mining_norm_summary.csv,status=ok; ev_ebitda: 1.6524 x 29.4% | fcf_yield: 1.9811 x 23.5% | pb: 1.6516 x 23.5% | pe: 0.9051 x 23.5%
2026-02-10,Mining,1.7745,sector_score,,,build_sector_scores_timeframe.py over SEC EDGAR point-in-time fyn_mining_current_20260210_summary.csv; norm fyn_mining_norm_summary.csv,status=ok; ev_ebitda: 1.8958 x 29.4% | fcf_yield: 2.3108 x 23.5% | pb: 1.8483 x 23.5% | pe: 1.0129 x 23.5%
2026-03-10,Mining,1.742,sector_score,,,build_sector_scores_timeframe.py over SEC EDGAR point-in-time fyn_mining_current_20260310_summary.csv; norm fyn_mining_norm_summary.csv,status=ok; ev_ebitda: 1.7820 x 29.4% | fcf_yield: 2.3343 x 23.5% | pb: 1.8041 x 23.5% | pe: 1.0376 x 23.5%
2026-04-10,Mining,1.7982,sector_score,,,build_sector_scores_timeframe.py over SEC EDGAR point-in-time fyn_mining_current_20260410_summary.csv; norm fyn_mining_norm_summary.csv,status=ok; ev_ebitda: 1.8108 x 29.4% | fcf_yield: 2.2914 x 23.5% | pb: 1.9602 x 23.5% | pe: 1.1274 x 23.5%
2026-05-10,Mining,1.6276,sector_score,,,build_sector_scores_timeframe.py over SEC EDGAR point-in-time fyn_mining_current_20260510_summary.csv; norm fyn_mining_norm_summary.csv,status=ok; ev_ebitda: 1.5423 x 29.4% | fcf_yield: 1.7821 x 23.5% | pb: 1.7274 x 23.5% | pe: 1.4801 x 23.5%
2026-06-20,Mining,1.7349,sector_score,,,build_sector_scores_timeframe.py over SEC EDGAR point-in-time fyn_mining_current_20260620_summary.csv; norm fyn_mining_norm_summary.csv,status=ok; ev_ebitda: 1.6418 x 29.4% | fcf_yield: 1.8556 x 23.5% | pb: 1.9245 x 23.5% | pe: 1.5411 x 23.5%
2026-07-10,Mining,1.5726,sector_score,,,build_sector_scores_timeframe.py over SEC EDGAR point-in-time fyn_mining_current_20260710_summary.csv; norm fyn_mining_norm_summary.csv,status=ok; ev_ebitda: 1.4912 x 29.4% | fcf_yield: 1.6911 x 23.5% | pb: 1.7238 x 23.5% | pe: 1.4045 x 23.5%
2026-08-10,Mining,1.6442,sector_score,,,build_sector_scores_timeframe.py over SEC EDGAR point-in-time fyn_mining_current_20260810_summary.csv; norm fyn_mining_norm_summary.csv,status=ok; ev_ebitda: 1.6225 x 29.4% | fcf_yield: 1.6296 x 23.5% | pb: 1.9143 x 23.5% | pe: 1.4156 x 23.5%
2026-09-10,Mining,1.6207,sector_score,,,build_sector_scores_timeframe.py over SEC EDGAR point-in-time fyn_mining_current_20260910_summary.csv; norm fyn_mining_norm_summary.csv,status=ok; ev_ebitda: 1.6003 x 29.4% | fcf_yield: 1.5810 x 23.5% | pb: 1.9333 x 23.5% | pe: 1.3733 x 23.5%
2025-10-10,REIT,1.0638,sector_score,,,build_sector_scores_timeframe.py over SEC EDGAR point-in-time fyn_reit_current_20251010_summary.csv; norm fyn_reit_norm_summary.csv,status=ok; pb: 1.1762 x 55.6% | ps: 0.9233 x 44.4%
2025-11-10,REIT,1.0626,sector_score,,,build_sector_scores_timeframe.py over SEC EDGAR point-in-time fyn_reit_current_20251110_summary.csv; norm fyn_reit_norm_summary.csv,status=ok; pb: 1.1840 x 55.6% | ps: 0.9108 x 44.4%
2025-12-10,REIT,1.0034,sector_score,,,build_sector_scores_timeframe.py over SEC EDGAR point-in-time fyn_reit_current_20251210_summary.csv; norm fyn_reit_norm_summary.csv,status=ok; pb: 1.1161 x 55.6% | ps: 0.8624 x 44.4%
2026-01-10,REIT,1.0098,sector_score,,,build_sector_scores_timeframe.py over SEC EDGAR point-in-time fyn_reit_current_20260110_summary.csv; norm fyn_reit_norm_summary.csv,status=ok; pb: 1.1094 x 55.6% | ps: 0.8853 x 44.4%
2026-02-10,REIT,1.1029,sector_score,,,build_sector_scores_timeframe.py over SEC EDGAR point-in-time fyn_reit_current_20260210_summary.csv; norm fyn_reit_norm_summary.csv,status=ok; pb: 1.2072 x 55.6% | ps: 0.9725 x 44.4%
2026-03-10,REIT,1.1397,sector_score,,,build_sector_scores_timeframe.py over SEC EDGAR point-in-time fyn_reit_current_20260310_summary.csv; norm fyn_reit_norm_summary.csv,status=ok; pb: 1.2714 x 55.6% | ps: 0.9751 x 44.4%
2026-04-10,REIT,1.19,sector_score,,,build_sector_scores_timeframe.py over SEC EDGAR point-in-time fyn_reit_current_20260410_summary.csv; norm fyn_reit_norm_summary.csv,status=ok; pb: 1.3277 x 55.6% | ps: 1.0178 x 44.4%
2026-05-10,REIT,1.2268,sector_score,,,build_sector_scores_timeframe.py over SEC EDGAR point-in-time fyn_reit_current_20260510_summary.csv; norm fyn_reit_norm_summary.csv,status=ok; pb: 1.3775 x 55.6% | ps: 1.0384 x 44.4%
2026-06-20,REIT,1.2074,sector_score,,,build_sector_scores_timeframe.py over SEC EDGAR point-in-time fyn_reit_current_20260620_summary.csv; norm fyn_reit_norm_summary.csv,status=ok; pb: 1.3270 x 55.6% | ps: 1.0579 x 44.4%
2026-07-10,REIT,1.1594,sector_score,,,build_sector_scores_timeframe.py over SEC EDGAR point-in-time fyn_reit_current_20260710_summary.csv; norm fyn_reit_norm_summary.csv,status=ok; pb: 1.2724 x 55.6% | ps: 1.0182 x 44.4%
2026-08-10,REIT,1.1244,sector_score,,,build_sector_scores_timeframe.py over SEC EDGAR point-in-time fyn_reit_current_20260810_summary.csv; norm fyn_reit_norm_summary.csv,status=ok; pb: 1.2417 x 55.6% | ps: 0.9778 x 44.4%
2026-09-10,REIT,1.0921,sector_score,,,build_sector_scores_timeframe.py over SEC EDGAR point-in-time fyn_reit_current_20260910_summary.csv; norm fyn_reit_norm_summary.csv,status=ok; pb: 1.2030 x 55.6% | ps: 0.9535 x 44.4%
2025-10-10,Semiconductors,0.994,sector_score,,,build_sector_scores_timeframe.py over SEC EDGAR point-in-time fyn_semis_current_20251010_summary.csv; norm fyn_semis_norm_summary.csv,status=ok; ps: 1.1057 x 26.7% | pb: 0.8835 x 20.0% | ev_ebitda: 0.9369 x 33.3% | gross_margin: 1.0505 x 20.0%
2025-11-10,Semiconductors,1.0854,sector_score,,,build_sector_scores_timeframe.py over SEC EDGAR point-in-time fyn_semis_current_20251110_summary.csv; norm fyn_semis_norm_summary.csv,status=ok; ps: 1.0905 x 26.7% | pb: 0.9873 x 20.0% | ev_ebitda: 1.1671 x 33.3% | gross_margin: 1.0406 x 20.0%
2025-12-10,Semiconductors,1.1198,sector_score,,,build_sector_scores_timeframe.py over SEC EDGAR point-in-time fyn_semis_current_20251210_summary.csv; norm fyn_semis_norm_summary.csv,status=ok; ps: 1.0885 x 26.7% | pb: 1.0830 x 20.0% | ev_ebitda: 1.2144 x 33.3% | gross_margin: 1.0406 x 20.0%
2026-01-10,Semiconductors,1.1388,sector_score,,,build_sector_scores_timeframe.py over SEC EDGAR point-in-time fyn_semis_current_20260110_summary.csv; norm fyn_semis_norm_summary.csv,status=ok; ps: 1.0638 x 26.7% | pb: 1.0970 x 20.0% | ev_ebitda: 1.2828 x 33.3% | gross_margin: 1.0406 x 20.0%
2026-02-10,Semiconductors,1.1875,sector_score,,,build_sector_scores_timeframe.py over SEC EDGAR point-in-time fyn_semis_current_20260210_summary.csv; norm fyn_semis_norm_summary.csv,status=ok; ps: 1.1186 x 26.7% | pb: 1.1019 x 20.0% | ev_ebitda: 1.3871 x 33.3% | gross_margin: 1.0322 x 20.0%
2026-03-10,Semiconductors,1.2085,sector_score,,,build_sector_scores_timeframe.py over SEC EDGAR point-in-time fyn_semis_current_20260310_summary.csv; norm fyn_semis_norm_summary.csv,status=ok; ps: 1.0907 x 26.7% | pb: 1.0602 x 20.0% | ev_ebitda: 1.4976 x 33.3% | gross_margin: 1.0322 x 20.0%
2026-04-10,Semiconductors,1.0474,sector_score,,,build_sector_scores_timeframe.py over SEC EDGAR point-in-time fyn_semis_current_20260410_summary.csv; norm fyn_semis_norm_summary.csv,status=ok; ps: 1.1795 x 26.7% | pb: 1.0485 x 20.0% | ev_ebitda: 0.9347 x 33.3% | gross_margin: 1.0579 x 20.0%
2026-05-10,Semiconductors,1.5538,sector_score,,,build_sector_scores_timeframe.py over SEC EDGAR point-in-time fyn_semis_current_20260510_summary.csv; norm fyn_semis_norm_summary.csv,status=ok; ps: 1.7941 x 26.7% | pb: 1.5417 x 20.0% | ev_ebitda: 1.6665 x 33.3% | gross_margin: 1.0579 x 20.0%
2026-06-20,Semiconductors,1.9486,sector_score,,,build_sector_scores_timeframe.py over SEC EDGAR point-in-time fyn_semis_current_20260620_summary.csv; norm fyn_semis_norm_summary.csv,status=ok; ps: 2.2025 x 26.7% | pb: 1.9905 x 20.0% | ev_ebitda: 2.2548 x 33.3% | gross_margin: 1.0579 x 20.0%
2026-07-10,Semiconductors,1.4877,sector_score,,,build_sector_scores_timeframe.py over SEC EDGAR point-in-time fyn_semis_current_20260710_summary.csv; norm fyn_semis_norm_summary.csv,status=ok; ps: 1.8571 x 26.7% | pb: 1.7553 x 20.0% | ev_ebitda: 1.1826 x 33.3% | gross_margin: 1.2361 x 20.0%
2026-08-10,Semiconductors,1.3495,sector_score,,,build_sector_scores_timeframe.py over SEC EDGAR point-in-time fyn_semis_current_20260810_summary.csv; norm fyn_semis_norm_summary.csv,status=ok; ps: 1.6589 x 26.7% | pb: 1.4507 x 20.0% | ev_ebitda: 1.1092 x 33.3% | gross_margin: 1.2361 x 20.0%
2026-09-10,Semiconductors,1.3505,sector_score,,,build_sector_scores_timeframe.py over SEC EDGAR point-in-time fyn_semis_current_20260910_summary.csv; norm fyn_semis_norm_summary.csv,status=ok; ps: 1.5478 x 26.7% | pb: 1.4354 x 20.0% | ev_ebitda: 1.2051 x 33.3% | gross_margin: 1.2449 x 20.0%
2025-10-10,Solar,1.2721,sector_score,,,build_sector_scores_timeframe.py over SEC EDGAR point-in-time fyn_solar_current_20251010_summary.csv; norm fyn_solar_norm_summary.csv,status=ok; ev_ebitda: 1.0869 x 42.9% | ps: 1.5021 x 35.7% | pb: 1.2592 x 21.4%
2025-11-10,Solar,1.3018,sector_score,,,build_sector_scores_timeframe.py over SEC EDGAR point-in-time fyn_solar_current_20251110_summary.csv; norm fyn_solar_norm_summary.csv,status=ok; ev_ebitda: 1.1342 x 42.9% | ps: 1.4548 x 35.7% | pb: 1.3822 x 21.4%
2025-12-10,Solar,1.2114,sector_score,,,build_sector_scores_timeframe.py over SEC EDGAR point-in-time fyn_solar_current_20251210_summary.csv; norm fyn_solar_norm_summary.csv,status=ok; ev_ebitda: 1.0278 x 42.9% | ps: 1.3852 x 35.7% | pb: 1.2892 x 21.4%
2026-01-10,Solar,1.2445,sector_score,,,build_sector_scores_timeframe.py over SEC EDGAR point-in-time fyn_solar_current_20260110_summary.csv; norm fyn_solar_norm_summary.csv,status=ok; ev_ebitda: 1.0717 x 42.9% | ps: 1.4376 x 35.7% | pb: 1.2682 x 21.4%
2026-02-10,Solar,1.5658,sector_score,,,build_sector_scores_timeframe.py over SEC EDGAR point-in-time fyn_solar_current_20260210_summary.csv; norm fyn_solar_norm_summary.csv,status=ok; ev_ebitda: 1.4104 x 42.9% | ps: 1.8691 x 35.7% | pb: 1.3712 x 21.4%
2026-03-10,Solar,1.2585,sector_score,,,build_sector_scores_timeframe.py over SEC EDGAR point-in-time fyn_solar_current_20260310_summary.csv; norm fyn_solar_norm_summary.csv,status=ok; ev_ebitda: 1.1100 x 42.9% | ps: 1.3716 x 35.7% | pb: 1.3673 x 21.4%
2026-04-10,Solar,1.142,sector_score,,,build_sector_scores_timeframe.py over SEC EDGAR point-in-time fyn_solar_current_20260410_summary.csv; norm fyn_solar_norm_summary.csv,status=ok; ev_ebitda: 1.1285 x 42.9% | ps: 1.1799 x 35.7% | pb: 1.1055 x 21.4%
2026-05-10,Solar,1.3459,sector_score,,,build_sector_scores_timeframe.py over SEC EDGAR point-in-time fyn_solar_current_20260510_summary.csv; norm fyn_solar_norm_summary.csv,status=ok; ev_ebitda: 1.3561 x 42.9% | ps: 1.3935 x 35.7% | pb: 1.2462 x 21.4%
2026-06-20,Solar,1.5248,sector_score,,,build_sector_scores_timeframe.py over SEC EDGAR point-in-time fyn_solar_current_20260620_summary.csv; norm fyn_solar_norm_summary.csv,status=ok; ev_ebitda: 1.4944 x 42.9% | ps: 1.8397 x 35.7% | pb: 1.0605 x 21.4%
2026-07-10,Solar,1.5275,sector_score,,,build_sector_scores_timeframe.py over SEC EDGAR point-in-time fyn_solar_current_20260710_summary.csv; norm fyn_solar_norm_summary.csv,status=ok; ev_ebitda: 1.4413 x 42.9% | ps: 1.6539 x 35.7% | pb: 1.4893 x 21.4%
2026-08-10,Solar,1.0955,sector_score,,,build_sector_scores_timeframe.py over SEC EDGAR point-in-time fyn_solar_current_20260810_summary.csv; norm fyn_solar_norm_summary.csv,status=ok; ev_ebitda: 1.1741 x 42.9% | ps: 1.1120 x 35.7% | pb: 0.9108 x 21.4%
2026-09-10,Solar,0.9062,sector_score,,,build_sector_scores_timeframe.py over SEC EDGAR point-in-time fyn_solar_current_20260910_summary.csv; norm fyn_solar_norm_summary.csv,status=ok; ev_ebitda: 0.9505 x 42.9% | ps: 0.9237 x 35.7% | pb: 0.7884 x 21.4%
2025-10-10,Technology,0.7758,sector_score,,,build_sector_scores_timeframe.py over SEC EDGAR point-in-time fyn_technology_current_20251010_summary.csv; norm fyn_technology_norm_summary.csv,status=ok; pe: 0.8501 x 28.6% | ev_ebitda: 0.7587 x 28.6% | ps: 0.7342 x 28.6% | fcf_yield: 0.7445 x 14.3%
2025-11-10,Technology,0.7769,sector_score,,,build_sector_scores_timeframe.py over SEC EDGAR point-in-time fyn_technology_current_20251110_summary.csv; norm fyn_technology_norm_summary.csv,status=ok; pe: 0.9436 x 28.6% | ev_ebitda: 0.6524 x 28.6% | ps: 0.7154 x 28.6% | fcf_yield: 0.8158 x 14.3%
2025-12-10,Technology,0.8207,sector_score,,,build_sector_scores_timeframe.py over SEC EDGAR point-in-time fyn_technology_current_20251210_summary.csv; norm fyn_technology_norm_summary.csv,status=ok; pe: 1.0423 x 28.6% | ev_ebitda: 0.6711 x 28.6% | ps: 0.7464 x 28.6% | fcf_yield: 0.8251 x 14.3%
2026-01-10,Technology,0.8206,sector_score,,,build_sector_scores_timeframe.py over SEC EDGAR point-in-time fyn_technology_current_20260110_summary.csv; norm fyn_technology_norm_summary.csv,status=ok; pe: 1.0688 x 28.6% | ev_ebitda: 0.6741 x 28.6% | ps: 0.7278 x 28.6% | fcf_yield: 0.8028 x 14.3%
2026-02-10,Technology,0.9052,sector_score,,,build_sector_scores_timeframe.py over SEC EDGAR point-in-time fyn_technology_current_20260210_summary.csv; norm fyn_technology_norm_summary.csv,status=ok; pe: 0.9540 x 28.6% | ev_ebitda: 0.7751 x 28.6% | ps: 1.0105 x 28.6% | fcf_yield: 0.8570 x 14.3%
2026-03-10,Technology,0.8846,sector_score,,,build_sector_scores_timeframe.py over SEC EDGAR point-in-time fyn_technology_current_20260310_summary.csv; norm fyn_technology_norm_summary.csv,status=ok; pe: 0.8440 x 28.6% | ev_ebitda: 0.7736 x 28.6% | ps: 1.0092 x 28.6% | fcf_yield: 0.9385 x 14.3%
2026-04-10,Technology,0.7293,sector_score,,,build_sector_scores_timeframe.py over SEC EDGAR point-in-time fyn_technology_current_20260410_summary.csv; norm fyn_technology_norm_summary.csv,status=ok; pe: 0.7714 x 28.6% | ev_ebitda: 0.6593 x 28.6% | ps: 0.7877 x 28.6% | fcf_yield: 0.6680 x 14.3%
2026-05-10,Technology,0.7554,sector_score,,,build_sector_scores_timeframe.py over SEC EDGAR point-in-time fyn_technology_current_20260510_summary.csv; norm fyn_technology_norm_summary.csv,status=ok; pe: 0.7518 x 28.6% | ev_ebitda: 0.7237 x 28.6% | ps: 0.8112 x 28.6% | fcf_yield: 0.7144 x 14.3%
2026-06-20,Technology,0.724,sector_score,,,build_sector_scores_timeframe.py over SEC EDGAR point-in-time fyn_technology_current_20260620_summary.csv; norm fyn_technology_norm_summary.csv,status=ok; pe: 0.7273 x 28.6% | ev_ebitda: 0.6050 x 28.6% | ps: 0.8294 x 28.6% | fcf_yield: 0.7447 x 14.3%
2026-07-10,Technology,0.8098,sector_score,,,build_sector_scores_timeframe.py over SEC EDGAR point-in-time fyn_technology_current_20260710_summary.csv; norm fyn_technology_norm_summary.csv,status=ok; pe: 0.8121 x 28.6% | ev_ebitda: 0.6420 x 28.6% | ps: 0.9583 x 28.6% | fcf_yield: 0.8439 x 14.3%
2026-08-10,Technology,0.7877,sector_score,,,build_sector_scores_timeframe.py over SEC EDGAR point-in-time fyn_technology_current_20260810_summary.csv; norm fyn_technology_norm_summary.csv,status=ok; pe: 0.6935 x 28.6% | ev_ebitda: 0.7516 x 28.6% | ps: 0.8054 x 28.6% | fcf_yield: 1.0130 x 14.3%
2026-09-10,Technology,0.8502,sector_score,,,build_sector_scores_timeframe.py over SEC EDGAR point-in-time fyn_technology_current_20260910_summary.csv; norm fyn_technology_norm_summary.csv,status=ok; pe: 0.6915 x 28.6% | ev_ebitda: 0.8905 x 28.6% | ps: 0.8724 x 28.6% | fcf_yield: 1.0427 x 14.3%
2025-10-10,Telecom & Streaming,0.7393,sector_score,,,build_sector_scores_timeframe.py over SEC EDGAR point-in-time fyn_telecom_current_20251010_summary.csv; norm fyn_telecom_norm_summary.csv,status=ok; ev_ebitda: 0.8268 x 42.9% | fcf_yield: 0.5129 x 35.7% | ps: 0.9417 x 21.4%
2025-11-10,Telecom & Streaming,0.6898,sector_score,,,build_sector_scores_timeframe.py over SEC EDGAR point-in-time fyn_telecom_current_20251110_summary.csv; norm fyn_telecom_norm_summary.csv,status=ok; ev_ebitda: 0.7839 x 42.9% | fcf_yield: 0.4353 x 35.7% | ps: 0.9255 x 21.4%
2025-12-10,Telecom & Streaming,0.6904,sector_score,,,build_sector_scores_timeframe.py over SEC EDGAR point-in-time fyn_telecom_current_20251210_summary.csv; norm fyn_telecom_norm_summary.csv,status=ok; ev_ebitda: 0.7847 x 42.9% | fcf_yield: 0.4352 x 35.7% | ps: 0.9271 x 21.4%
2026-01-10,Telecom & Streaming,0.6935,sector_score,,,build_sector_scores_timeframe.py over SEC EDGAR point-in-time fyn_telecom_current_20260110_summary.csv; norm fyn_telecom_norm_summary.csv,status=ok; ev_ebitda: 0.7909 x 42.9% | fcf_yield: 0.4290 x 35.7% | ps: 0.9396 x 21.4%
2026-02-10,Telecom & Streaming,0.8669,sector_score,,,build_sector_scores_timeframe.py over SEC EDGAR point-in-time fyn_telecom_current_20260210_summary.csv; norm fyn_telecom_norm_summary.csv,status=ok; ev_ebitda: 0.9121 x 42.9% | fcf_yield: 0.6389 x 35.7% | ps: 1.1565 x 21.4%
2026-03-10,Telecom & Streaming,0.8949,sector_score,,,build_sector_scores_timeframe.py over SEC EDGAR point-in-time fyn_telecom_current_20260310_summary.csv; norm fyn_telecom_norm_summary.csv,status=ok; ev_ebitda: 0.9595 x 42.9% | fcf_yield: 0.6510 x 35.7% | ps: 1.1721 x 21.4%
2026-04-10,Telecom & Streaming,0.842,sector_score,,,build_sector_scores_timeframe.py over SEC EDGAR point-in-time fyn_telecom_current_20260410_summary.csv; norm fyn_telecom_norm_summary.csv,status=ok; ev_ebitda: 0.9030 x 42.9% | fcf_yield: 0.6042 x 35.7% | ps: 1.1164 x 21.4%
2026-05-10,Telecom & Streaming,0.8529,sector_score,,,build_sector_scores_timeframe.py over SEC EDGAR point-in-time fyn_telecom_current_20260510_summary.csv; norm fyn_telecom_norm_summary.csv,status=ok; ev_ebitda: 0.9443 x 42.9% | fcf_yield: 0.6110 x 35.7% | ps: 1.0731 x 21.4%
2026-06-20,Telecom & Streaming,0.8134,sector_score,,,build_sector_scores_timeframe.py over SEC EDGAR point-in-time fyn_telecom_current_20260620_summary.csv; norm fyn_telecom_norm_summary.csv,status=ok; ev_ebitda: 0.9224 x 42.9% | fcf_yield: 0.5519 x 35.7% | ps: 1.0310 x 21.4%
2026-07-10,Telecom & Streaming,0.7793,sector_score,,,build_sector_scores_timeframe.py over SEC EDGAR point-in-time fyn_telecom_current_20260710_summary.csv; norm fyn_telecom_norm_summary.csv,status=ok; ev_ebitda: 0.8839 x 42.9% | fcf_yield: 0.5471 x 35.7% | ps: 0.9572 x 21.4%
2026-08-10,Telecom & Streaming,0.8433,sector_score,,,build_sector_scores_timeframe.py over SEC EDGAR point-in-time fyn_telecom_current_20260810_summary.csv; norm fyn_telecom_norm_summary.csv,status=ok; ev_ebitda: 0.9682 x 42.9% | fcf_yield: 0.5603 x 35.7% | ps: 1.0654 x 21.4%
2026-09-10,Telecom & Streaming,0.8784,sector_score,,,build_sector_scores_timeframe.py over SEC EDGAR point-in-time fyn_telecom_current_20260910_summary.csv; norm fyn_telecom_norm_summary.csv,status=ok; ev_ebitda: 1.0033 x 42.9% | fcf_yield: 0.5765 x 35.7% | ps: 1.1320 x 21.4%
2025-10-10,Utilities,0.944,sector_score,,,build_sector_scores_timeframe.py over SEC EDGAR point-in-time fyn_utilities_current_20251010_summary.csv; norm fyn_utilities_norm_summary.csv,status=ok; pe: 1.0621 x 42.9% | ev_ebitda: 0.8087 x 35.7% | pb: 0.9332 x 21.4%
2025-11-10,Utilities,0.9307,sector_score,,,build_sector_scores_timeframe.py over SEC EDGAR point-in-time fyn_utilities_current_20251110_summary.csv; norm fyn_utilities_norm_summary.csv,status=ok; pe: 1.0411 x 42.9% | ev_ebitda: 0.7798 x 35.7% | pb: 0.9613 x 21.4%
2025-12-10,Utilities,0.8838,sector_score,,,build_sector_scores_timeframe.py over SEC EDGAR point-in-time fyn_utilities_current_20251210_summary.csv; norm fyn_utilities_norm_summary.csv,status=ok; pe: 0.9930 x 42.9% | ev_ebitda: 0.7457 x 35.7% | pb: 0.8955 x 21.4%
2026-01-10,Utilities,0.8883,sector_score,,,build_sector_scores_timeframe.py over SEC EDGAR point-in-time fyn_utilities_current_20260110_summary.csv; norm fyn_utilities_norm_summary.csv,status=ok; pe: 0.9917 x 42.9% | ev_ebitda: 0.7470 x 35.7% | pb: 0.9170 x 21.4%
2026-02-10,Utilities,0.96,sector_score,,,build_sector_scores_timeframe.py over SEC EDGAR point-in-time fyn_utilities_current_20260210_summary.csv; norm fyn_utilities_norm_summary.csv,status=ok; pe: 1.0910 x 42.9% | ev_ebitda: 0.8081 x 35.7% | pb: 0.9509 x 21.4%
2026-03-10,Utilities,0.9547,sector_score,,,build_sector_scores_timeframe.py over SEC EDGAR point-in-time fyn_utilities_current_20260310_summary.csv; norm fyn_utilities_norm_summary.csv,status=ok; pe: 1.0397 x 42.9% | ev_ebitda: 0.8113 x 35.7% | pb: 1.0235 x 21.4%
2026-04-10,Utilities,0.9734,sector_score,,,build_sector_scores_timeframe.py over SEC EDGAR point-in-time fyn_utilities_current_20260410_summary.csv; norm fyn_utilities_norm_summary.csv,status=ok; pe: 1.0566 x 42.9% | ev_ebitda: 0.8250 x 35.7% | pb: 1.0543 x 21.4%
2026-05-10,Utilities,0.913,sector_score,,,build_sector_scores_timeframe.py over SEC EDGAR point-in-time fyn_utilities_current_20260510_summary.csv; norm fyn_utilities_norm_summary.csv,status=ok; pe: 0.9647 x 42.9% | ev_ebitda: 0.8038 x 35.7% | pb: 0.9915 x 21.4%
2026-06-20,Utilities,0.9338,sector_score,,,build_sector_scores_timeframe.py over SEC EDGAR point-in-time fyn_utilities_current_20260620_summary.csv; norm fyn_utilities_norm_summary.csv,status=ok; pe: 1.0431 x 42.9% | ev_ebitda: 0.7794 x 35.7% | pb: 0.9727 x 21.4%
2026-07-10,Utilities,0.9617,sector_score,,,build_sector_scores_timeframe.py over SEC EDGAR point-in-time fyn_utilities_current_20260710_summary.csv; norm fyn_utilities_norm_summary.csv,status=ok; pe: 1.0686 x 42.9% | ev_ebitda: 0.7914 x 35.7% | pb: 1.0317 x 21.4%
2026-08-10,Utilities,0.9128,sector_score,,,build_sector_scores_timeframe.py over SEC EDGAR point-in-time fyn_utilities_current_20260810_summary.csv; norm fyn_utilities_norm_summary.csv,status=ok; pe: 1.0239 x 42.9% | ev_ebitda: 0.7657 x 35.7% | pb: 0.9358 x 21.4%
2026-09-10,Utilities,0.8932,sector_score,,,build_sector_scores_timeframe.py over SEC EDGAR point-in-time fyn_utilities_current_20260910_summary.csv; norm fyn_utilities_norm_summary.csv,status=ok; pe: 0.9919 x 42.9% | ev_ebitda: 0.7463 x 35.7% | pb: 0.9406 x 21.4%
