anchor_date,actual_trading_date,sector,sector_score,metric,current_value,five_year_average,metric_coefficient,metric_weight,source,comment,status
2026-09-11,2026-09-10,Agriculture & Chemicals,1.6063,pe,32.6753,31.60965,1.0337,0.2941,build_fy_norm.py --current over SEC EDGAR; fyn_agriculture_chemicals_current_summary.csv; price source: Nasdaq historical API close,current TTM snapshot from fyn_agriculture_chemicals_current_summary.csv; price source: Nasdaq historical API close; real 5Y FY median norm from fyn_agriculture_chemicals_norm_summary.csv; aggregate=median,ok
2026-09-11,2026-09-10,Agriculture & Chemicals,1.6063,ev_ebitda,42.52835,15.449525,2.7527,0.2941,build_fy_norm.py --current over SEC EDGAR; fyn_agriculture_chemicals_current_summary.csv; price source: Nasdaq historical API close,current TTM snapshot from fyn_agriculture_chemicals_current_summary.csv; price source: Nasdaq historical API close; real 5Y FY median norm from fyn_agriculture_chemicals_norm_summary.csv; aggregate=median,ok
2026-09-11,2026-09-10,Agriculture & Chemicals,1.6063,ps,3.84265,3.992025,0.9626,0.2353,build_fy_norm.py --current over SEC EDGAR; fyn_agriculture_chemicals_current_summary.csv; price source: Nasdaq historical API close,current TTM snapshot from fyn_agriculture_chemicals_current_summary.csv; price source: Nasdaq historical API close; real 5Y FY median norm from fyn_agriculture_chemicals_norm_summary.csv; aggregate=median,ok
2026-09-11,2026-09-10,Agriculture & Chemicals,1.6063,fcf_yield,0.02462,0.037134,1.5083,0.1765,build_fy_norm.py --current over SEC EDGAR; fyn_agriculture_chemicals_current_summary.csv; price source: Nasdaq historical API close,current TTM snapshot from fyn_agriculture_chemicals_current_summary.csv; price source: Nasdaq historical API close; real 5Y FY median norm from fyn_agriculture_chemicals_norm_summary.csv; aggregate=median,ok
2026-02-28,2026-02-27,Banks,1.7214,pb,2.0411,1.0743,1.8999,0.6364,compute_sector_scores.py over SEC EDGAR fundamentals,real 5Y FY median norm from fyn_banks_norm_summary.csv; aggregate=median,ok
2026-02-28,2026-02-27,Banks,1.7214,pe,14.1971,10.0769,1.4089,0.3636,compute_sector_scores.py over SEC EDGAR fundamentals,real 5Y FY median norm from fyn_banks_norm_summary.csv; aggregate=median,ok
2026-03-10,2026-03-10,Banks,1.6654,pb,1.9799,1.0743,1.843,0.6364,compute_sector_scores.py over SEC EDGAR fundamentals,real 5Y FY median norm from fyn_banks_norm_summary.csv; aggregate=median,ok
2026-03-10,2026-03-10,Banks,1.6654,pe,13.6502,10.0769,1.3546,0.3636,compute_sector_scores.py over SEC EDGAR fundamentals,real 5Y FY median norm from fyn_banks_norm_summary.csv; aggregate=median,ok
2026-03-20,2026-03-20,Banks,1.6332,pb,1.9318,1.0743,1.7982,0.6364,compute_sector_scores.py over SEC EDGAR fundamentals,real 5Y FY median norm from fyn_banks_norm_summary.csv; aggregate=median,ok
2026-03-20,2026-03-20,Banks,1.6332,pe,13.5476,10.0769,1.3444,0.3636,compute_sector_scores.py over SEC EDGAR fundamentals,real 5Y FY median norm from fyn_banks_norm_summary.csv; aggregate=median,ok
2026-03-30,2026-03-30,Banks,1.6201,pb,1.9177,1.0743,1.7851,0.6364,compute_sector_scores.py over SEC EDGAR fundamentals,real 5Y FY median norm from fyn_banks_norm_summary.csv; aggregate=median,ok
2026-03-30,2026-03-30,Banks,1.6201,pe,13.4157,10.0769,1.3313,0.3636,compute_sector_scores.py over SEC EDGAR fundamentals,real 5Y FY median norm from fyn_banks_norm_summary.csv; aggregate=median,ok
2026-04-10,2026-04-10,Banks,1.8258,pb,2.1556,1.0743,2.0065,0.6364,compute_sector_scores.py over SEC EDGAR fundamentals,real 5Y FY median norm from fyn_banks_norm_summary.csv; aggregate=median,ok
2026-04-10,2026-04-10,Banks,1.8258,pe,15.2102,10.0769,1.5094,0.3636,compute_sector_scores.py over SEC EDGAR fundamentals,real 5Y FY median norm from fyn_banks_norm_summary.csv; aggregate=median,ok
2026-04-20,2026-04-20,Banks,1.9117,pb,2.2362,1.0743,2.0815,0.6364,compute_sector_scores.py over SEC EDGAR fundamentals,real 5Y FY median norm from fyn_banks_norm_summary.csv; aggregate=median,ok
2026-04-20,2026-04-20,Banks,1.9117,pe,16.2692,10.0769,1.6145,0.3636,compute_sector_scores.py over SEC EDGAR fundamentals,real 5Y FY median norm from fyn_banks_norm_summary.csv; aggregate=median,ok
2026-04-30,2026-04-30,Banks,1.864,pb,2.1935,1.0743,2.0418,0.6364,compute_sector_scores.py over SEC EDGAR fundamentals,real 5Y FY median norm from fyn_banks_norm_summary.csv; aggregate=median,ok
2026-04-30,2026-04-30,Banks,1.864,pe,15.6492,10.0769,1.553,0.3636,compute_sector_scores.py over SEC EDGAR fundamentals,real 5Y FY median norm from fyn_banks_norm_summary.csv; aggregate=median,ok
2026-05-10,2026-05-08,Banks,1.8689,pb,2.2236,1.0743,2.0698,0.6364,compute_sector_scores.py over SEC EDGAR fundamentals,real 5Y FY median norm from fyn_banks_norm_summary.csv; aggregate=median,ok
2026-05-10,2026-05-08,Banks,1.8689,pe,15.2905,10.0769,1.5174,0.3636,compute_sector_scores.py over SEC EDGAR fundamentals,real 5Y FY median norm from fyn_banks_norm_summary.csv; aggregate=median,ok
2026-05-20,2026-05-20,Banks,1.8674,pb,2.2227,1.0743,2.069,0.6364,compute_sector_scores.py over SEC EDGAR fundamentals,real 5Y FY median norm from fyn_banks_norm_summary.csv; aggregate=median,ok
2026-05-20,2026-05-20,Banks,1.8674,pe,15.2628,10.0769,1.5146,0.3636,compute_sector_scores.py over SEC EDGAR fundamentals,real 5Y FY median norm from fyn_banks_norm_summary.csv; aggregate=median,ok
2026-05-30,2026-05-29,Banks,1.8606,pb,2.2031,1.0743,2.0507,0.6364,compute_sector_scores.py over SEC EDGAR fundamentals,real 5Y FY median norm from fyn_banks_norm_summary.csv; aggregate=median,ok
2026-05-30,2026-05-29,Banks,1.8606,pe,15.3949,10.0769,1.5277,0.3636,compute_sector_scores.py over SEC EDGAR fundamentals,real 5Y FY median norm from fyn_banks_norm_summary.csv; aggregate=median,ok
2026-09-11,2026-09-10,Banks,1.9546,pb,2.4191,1.0743,2.2518,0.6364,build_fy_norm.py --current over SEC EDGAR; fyn_banks_current_summary.csv; price source: Nasdaq historical API close,current TTM snapshot from fyn_banks_current_summary.csv; price source: Nasdaq historical API close; real 5Y FY median norm from fyn_banks_norm_summary.csv; aggregate=median,ok
2026-09-11,2026-09-10,Banks,1.9546,pe,14.4547,10.0769,1.4344,0.3636,build_fy_norm.py --current over SEC EDGAR; fyn_banks_current_summary.csv; price source: Nasdaq historical API close,current TTM snapshot from fyn_banks_current_summary.csv; price source: Nasdaq historical API close; real 5Y FY median norm from fyn_banks_norm_summary.csv; aggregate=median,ok
2026-09-11,2026-09-10,Commodities,1.3454,ev_ebitda,16.3945,12.1464,1.3497,0.2941,build_fy_norm.py --current over SEC EDGAR; fyn_commodities_current_summary.csv; price source: Nasdaq historical API close,current TTM snapshot from fyn_commodities_current_summary.csv; price source: Nasdaq historical API close; real 5Y FY median norm from fyn_commodities_norm_summary.csv; aggregate=median,ok
2026-09-11,2026-09-10,Commodities,1.3454,fcf_yield,0.052358,0.036034,0.6882,0.2353,build_fy_norm.py --current over SEC EDGAR; fyn_commodities_current_summary.csv; price source: Nasdaq historical API close,current TTM snapshot from fyn_commodities_current_summary.csv; price source: Nasdaq historical API close; real 5Y FY median norm from fyn_commodities_norm_summary.csv; aggregate=median,ok
2026-09-11,2026-09-10,Commodities,1.3454,pb,4.42825,2.33255,1.8985,0.2353,build_fy_norm.py --current over SEC EDGAR; fyn_commodities_current_summary.csv; price source: Nasdaq historical API close,current TTM snapshot from fyn_commodities_current_summary.csv; price source: Nasdaq historical API close; real 5Y FY median norm from fyn_commodities_norm_summary.csv; aggregate=median,ok
2026-09-11,2026-09-10,Commodities,1.3454,pe,37.1715,25.7377,1.4442,0.2353,build_fy_norm.py --current over SEC EDGAR; fyn_commodities_current_summary.csv; price source: Nasdaq historical API close,current TTM snapshot from fyn_commodities_current_summary.csv; price source: Nasdaq historical API close; real 5Y FY median norm from fyn_commodities_norm_summary.csv; aggregate=median,ok
2026-09-11,2026-09-10,Consumer Discretionary,0.5755,pe,18.7669,31.6982,0.592,0.3333,build_fy_norm.py --current over SEC EDGAR; fyn_consumer_discretionary_current_summary.csv; price source: Nasdaq historical API close,current TTM snapshot from fyn_consumer_discretionary_current_summary.csv; price source: Nasdaq historical API close; real 5Y FY median norm from fyn_consumer_discretionary_norm_summary.csv; aggregate=median,ok
2026-09-11,2026-09-10,Consumer Discretionary,0.5755,ev_ebitda,14.1467,22.34875,0.633,0.2778,build_fy_norm.py --current over SEC EDGAR; fyn_consumer_discretionary_current_summary.csv; price source: Nasdaq historical API close,current TTM snapshot from fyn_consumer_discretionary_current_summary.csv; price source: Nasdaq historical API close; real 5Y FY median norm from fyn_consumer_discretionary_norm_summary.csv; aggregate=median,ok
2026-09-11,2026-09-10,Consumer Discretionary,0.5755,ps,1.51125,3.56465,0.424,0.2222,build_fy_norm.py --current over SEC EDGAR; fyn_consumer_discretionary_current_summary.csv; price source: Nasdaq historical API close,current TTM snapshot from fyn_consumer_discretionary_current_summary.csv; price source: Nasdaq historical API close; real 5Y FY median norm from fyn_consumer_discretionary_norm_summary.csv; aggregate=median,ok
2026-09-11,2026-09-10,Consumer Discretionary,0.5755,fcf_yield,0.049508,0.032105,0.6485,0.1667,build_fy_norm.py --current over SEC EDGAR; fyn_consumer_discretionary_current_summary.csv; price source: Nasdaq historical API close,current TTM snapshot from fyn_consumer_discretionary_current_summary.csv; price source: Nasdaq historical API close; real 5Y FY median norm from fyn_consumer_discretionary_norm_summary.csv; aggregate=median,ok
2026-09-12,2026-09-11,Delivery & Logistics,1.3681,ev_ebitda,17.0998,13.3524,1.2807,0.4,build_fy_norm.py --current over SEC EDGAR; fyn_delivery_logistics_current_summary.csv; price source: Nasdaq historical API close,current TTM snapshot from fyn_delivery_logistics_current_summary.csv; price source: Nasdaq historical API close; real 5Y FY median norm from fyn_delivery_logistics_norm_summary.csv; aggregate=median,ok
2026-09-12,2026-09-11,Delivery & Logistics,1.3681,pe,18.6736,15.1999,1.2285,0.3333,build_fy_norm.py --current over SEC EDGAR; fyn_delivery_logistics_current_summary.csv; price source: Nasdaq historical API close,current TTM snapshot from fyn_delivery_logistics_current_summary.csv; price source: Nasdaq historical API close; real 5Y FY median norm from fyn_delivery_logistics_norm_summary.csv; aggregate=median,ok
2026-09-12,2026-09-11,Delivery & Logistics,1.3681,ps,2.4881,1.4866,1.6737,0.2667,build_fy_norm.py --current over SEC EDGAR; fyn_delivery_logistics_current_summary.csv; price source: Nasdaq historical API close,current TTM snapshot from fyn_delivery_logistics_current_summary.csv; price source: Nasdaq historical API close; real 5Y FY median norm from fyn_delivery_logistics_norm_summary.csv; aggregate=median,ok
2026-09-11,2026-09-10,Drugs,1.5272,pe,39.5768,23.18565,1.707,0.5,build_fy_norm.py --current over SEC EDGAR; fyn_drugs_current_summary.csv; price source: Nasdaq historical API close,current TTM snapshot from fyn_drugs_current_summary.csv; price source: Nasdaq historical API close; real 5Y FY median norm from fyn_drugs_norm_summary.csv; aggregate=median; PROVISIONAL sector score: missing weighted current metrics ev_ebitda; remaining weights renormalised,provisional
2026-09-11,2026-09-10,Drugs,1.5272,ps,6.5545,4.7215,1.3882,0.1667,build_fy_norm.py --current over SEC EDGAR; fyn_drugs_current_summary.csv; price source: Nasdaq historical API close,current TTM snapshot from fyn_drugs_current_summary.csv; price source: Nasdaq historical API close; real 5Y FY median norm from fyn_drugs_norm_summary.csv; aggregate=median; PROVISIONAL sector score: missing weighted current metrics ev_ebitda; remaining weights renormalised,provisional
2026-09-11,2026-09-10,Drugs,1.5272,fcf_yield,0.042701,0.05667,1.3271,0.3333,build_fy_norm.py --current over SEC EDGAR; fyn_drugs_current_summary.csv; price source: Nasdaq historical API close,current TTM snapshot from fyn_drugs_current_summary.csv; price source: Nasdaq historical API close; real 5Y FY median norm from fyn_drugs_norm_summary.csv; aggregate=median; PROVISIONAL sector score: missing weighted current metrics ev_ebitda; remaining weights renormalised,provisional
2026-02-28,2026-02-27,Energy,1.5046,ev_ebitda,6.99195,7.06215,0.9901,0.3333,compute_sector_scores.py over SEC EDGAR fundamentals,real 5Y FY median norm from fyn_energy_norm_summary.csv; aggregate=median,ok
2026-02-28,2026-02-27,Energy,1.5046,fcf_yield,0.053491,0.108823,2.0344,0.3333,compute_sector_scores.py over SEC EDGAR fundamentals,real 5Y FY median norm from fyn_energy_norm_summary.csv; aggregate=median,ok
2026-02-28,2026-02-27,Energy,1.5046,pe,22.0299,10.5023,2.0976,0.1667,compute_sector_scores.py over SEC EDGAR fundamentals,real 5Y FY median norm from fyn_energy_norm_summary.csv; aggregate=median,ok
2026-02-28,2026-02-27,Energy,1.5046,pb,2.2314,2.53235,0.8812,0.1667,compute_sector_scores.py over SEC EDGAR fundamentals,real 5Y FY median norm from fyn_energy_norm_summary.csv; aggregate=median,ok
2026-03-10,2026-03-10,Energy,1.464,ev_ebitda,6.82995,7.06215,0.9671,0.3333,compute_sector_scores.py over SEC EDGAR fundamentals,real 5Y FY median norm from fyn_energy_norm_summary.csv; aggregate=median,ok
2026-03-10,2026-03-10,Energy,1.464,fcf_yield,0.055644,0.108823,1.9557,0.3333,compute_sector_scores.py over SEC EDGAR fundamentals,real 5Y FY median norm from fyn_energy_norm_summary.csv; aggregate=median,ok
2026-03-10,2026-03-10,Energy,1.464,pe,21.322,10.5023,2.0302,0.1667,compute_sector_scores.py over SEC EDGAR fundamentals,real 5Y FY median norm from fyn_energy_norm_summary.csv; aggregate=median,ok
2026-03-10,2026-03-10,Energy,1.464,pb,2.2999,2.53235,0.9082,0.1667,compute_sector_scores.py over SEC EDGAR fundamentals,real 5Y FY median norm from fyn_energy_norm_summary.csv; aggregate=median,ok
2026-03-20,2026-03-20,Energy,1.5237,ev_ebitda,6.9806,7.06215,0.9885,0.3333,compute_sector_scores.py over SEC EDGAR fundamentals,real 5Y FY median norm from fyn_energy_norm_summary.csv; aggregate=median,ok
2026-03-20,2026-03-20,Energy,1.5237,fcf_yield,0.051668,0.108823,2.1062,0.3333,compute_sector_scores.py over SEC EDGAR fundamentals,real 5Y FY median norm from fyn_energy_norm_summary.csv; aggregate=median,ok
2026-03-20,2026-03-20,Energy,1.5237,pe,20.6661,10.5023,1.9678,0.1667,compute_sector_scores.py over SEC EDGAR fundamentals,real 5Y FY median norm from fyn_energy_norm_summary.csv; aggregate=median,ok
2026-03-20,2026-03-20,Energy,1.5237,pb,2.4948,2.53235,0.9852,0.1667,compute_sector_scores.py over SEC EDGAR fundamentals,real 5Y FY median norm from fyn_energy_norm_summary.csv; aggregate=median,ok
2026-03-30,2026-03-30,Energy,1.6351,ev_ebitda,7.64535,7.06215,1.0826,0.3333,compute_sector_scores.py over SEC EDGAR fundamentals,real 5Y FY median norm from fyn_energy_norm_summary.csv; aggregate=median,ok
2026-03-30,2026-03-30,Energy,1.6351,fcf_yield,0.049395,0.108823,2.2031,0.3333,compute_sector_scores.py over SEC EDGAR fundamentals,real 5Y FY median norm from fyn_energy_norm_summary.csv; aggregate=median,ok
2026-03-30,2026-03-30,Energy,1.6351,pe,22.8377,10.5023,2.1745,0.1667,compute_sector_scores.py over SEC EDGAR fundamentals,real 5Y FY median norm from fyn_energy_norm_summary.csv; aggregate=median,ok
2026-03-30,2026-03-30,Energy,1.6351,pb,2.6955,2.53235,1.0644,0.1667,compute_sector_scores.py over SEC EDGAR fundamentals,real 5Y FY median norm from fyn_energy_norm_summary.csv; aggregate=median,ok
2026-04-10,2026-04-10,Energy,1.5425,ev_ebitda,7.3375,7.06215,1.039,0.3333,compute_sector_scores.py over SEC EDGAR fundamentals,real 5Y FY median norm from fyn_energy_norm_summary.csv; aggregate=median,ok
2026-04-10,2026-04-10,Energy,1.5425,fcf_yield,0.052931,0.108823,2.0559,0.3333,compute_sector_scores.py over SEC EDGAR fundamentals,real 5Y FY median norm from fyn_energy_norm_summary.csv; aggregate=median,ok
2026-04-10,2026-04-10,Energy,1.5425,pe,22.0314,10.5023,2.0978,0.1667,compute_sector_scores.py over SEC EDGAR fundamentals,real 5Y FY median norm from fyn_energy_norm_summary.csv; aggregate=median,ok
2026-04-10,2026-04-10,Energy,1.5425,pb,2.4491,2.53235,0.9671,0.1667,compute_sector_scores.py over SEC EDGAR fundamentals,real 5Y FY median norm from fyn_energy_norm_summary.csv; aggregate=median,ok
2026-04-20,2026-04-20,Energy,1.5098,ev_ebitda,7.1858,7.06215,1.0175,0.3333,compute_sector_scores.py over SEC EDGAR fundamentals,real 5Y FY median norm from fyn_energy_norm_summary.csv; aggregate=median,ok
2026-04-20,2026-04-20,Energy,1.5098,fcf_yield,0.053403,0.108823,2.0378,0.3333,compute_sector_scores.py over SEC EDGAR fundamentals,real 5Y FY median norm from fyn_energy_norm_summary.csv; aggregate=median,ok
2026-04-20,2026-04-20,Energy,1.5098,pe,21.3336,10.5023,2.0313,0.1667,compute_sector_scores.py over SEC EDGAR fundamentals,real 5Y FY median norm from fyn_energy_norm_summary.csv; aggregate=median,ok
2026-04-20,2026-04-20,Energy,1.5098,pb,2.3227,2.53235,0.9172,0.1667,compute_sector_scores.py over SEC EDGAR fundamentals,real 5Y FY median norm from fyn_energy_norm_summary.csv; aggregate=median,ok
2026-04-30,2026-04-30,Energy,1.6575,ev_ebitda,7.81785,7.06215,1.107,0.3333,compute_sector_scores.py over SEC EDGAR fundamentals,real 5Y FY median norm from fyn_energy_norm_summary.csv; aggregate=median,ok
2026-04-30,2026-04-30,Energy,1.6575,fcf_yield,0.047013,0.108823,2.3147,0.3333,compute_sector_scores.py over SEC EDGAR fundamentals,real 5Y FY median norm from fyn_energy_norm_summary.csv; aggregate=median,ok
2026-04-30,2026-04-30,Energy,1.6575,pe,22.2943,10.5023,2.1228,0.1667,compute_sector_scores.py over SEC EDGAR fundamentals,real 5Y FY median norm from fyn_energy_norm_summary.csv; aggregate=median,ok
2026-04-30,2026-04-30,Energy,1.6575,pb,2.4791,2.53235,0.979,0.1667,compute_sector_scores.py over SEC EDGAR fundamentals,real 5Y FY median norm from fyn_energy_norm_summary.csv; aggregate=median,ok
2026-05-10,2026-05-08,Energy,1.6207,ev_ebitda,6.97895,7.06215,0.9882,0.3333,compute_sector_scores.py over SEC EDGAR fundamentals,real 5Y FY median norm from fyn_energy_norm_summary.csv; aggregate=median,ok
2026-05-10,2026-05-08,Energy,1.6207,fcf_yield,0.047224,0.108823,2.3044,0.3333,compute_sector_scores.py over SEC EDGAR fundamentals,real 5Y FY median norm from fyn_energy_norm_summary.csv; aggregate=median,ok
2026-05-10,2026-05-08,Energy,1.6207,pe,23.6721,10.5023,2.254,0.1667,compute_sector_scores.py over SEC EDGAR fundamentals,real 5Y FY median norm from fyn_energy_norm_summary.csv; aggregate=median,ok
2026-05-10,2026-05-08,Energy,1.6207,pb,2.2408,2.53235,0.8849,0.1667,compute_sector_scores.py over SEC EDGAR fundamentals,real 5Y FY median norm from fyn_energy_norm_summary.csv; aggregate=median,ok
2026-05-20,2026-05-20,Energy,1.7423,ev_ebitda,7.55805,7.06215,1.0702,0.3333,compute_sector_scores.py over SEC EDGAR fundamentals,real 5Y FY median norm from fyn_energy_norm_summary.csv; aggregate=median,ok
2026-05-20,2026-05-20,Energy,1.7423,fcf_yield,0.044302,0.108823,2.4564,0.3333,compute_sector_scores.py over SEC EDGAR fundamentals,real 5Y FY median norm from fyn_energy_norm_summary.csv; aggregate=median,ok
2026-05-20,2026-05-20,Energy,1.7423,pe,25.5895,10.5023,2.4366,0.1667,compute_sector_scores.py over SEC EDGAR fundamentals,real 5Y FY median norm from fyn_energy_norm_summary.csv; aggregate=median,ok
2026-05-20,2026-05-20,Energy,1.7423,pb,2.4407,2.53235,0.9638,0.1667,compute_sector_scores.py over SEC EDGAR fundamentals,real 5Y FY median norm from fyn_energy_norm_summary.csv; aggregate=median,ok
2026-05-30,2026-05-29,Energy,1.6365,ev_ebitda,7.1558,7.06215,1.0133,0.3333,compute_sector_scores.py over SEC EDGAR fundamentals,real 5Y FY median norm from fyn_energy_norm_summary.csv; aggregate=median,ok
2026-05-30,2026-05-29,Energy,1.6365,fcf_yield,0.047109,0.108823,2.31,0.3333,compute_sector_scores.py over SEC EDGAR fundamentals,real 5Y FY median norm from fyn_energy_norm_summary.csv; aggregate=median,ok
2026-05-30,2026-05-29,Energy,1.6365,pe,23.7851,10.5023,2.2648,0.1667,compute_sector_scores.py over SEC EDGAR fundamentals,real 5Y FY median norm from fyn_energy_norm_summary.csv; aggregate=median,ok
2026-05-30,2026-05-29,Energy,1.6365,pb,2.2985,2.53235,0.9077,0.1667,compute_sector_scores.py over SEC EDGAR fundamentals,real 5Y FY median norm from fyn_energy_norm_summary.csv; aggregate=median,ok
2026-09-11,2026-09-10,Energy,1.3115,ev_ebitda,5.2676,7.06215,0.7459,0.3333,build_fy_norm.py --current over SEC EDGAR; fyn_energy_current_summary.csv; price source: Nasdaq historical API close,current TTM snapshot from fyn_energy_current_summary.csv; price source: Nasdaq historical API close; real 5Y FY median norm from fyn_energy_norm_summary.csv; aggregate=median,ok
2026-09-11,2026-09-10,Energy,1.3115,fcf_yield,0.061036,0.108823,1.7829,0.3333,build_fy_norm.py --current over SEC EDGAR; fyn_energy_current_summary.csv; price source: Nasdaq historical API close,current TTM snapshot from fyn_energy_current_summary.csv; price source: Nasdaq historical API close; real 5Y FY median norm from fyn_energy_norm_summary.csv; aggregate=median,ok
2026-09-11,2026-09-10,Energy,1.3115,pe,19.0753,10.5023,1.8163,0.1667,build_fy_norm.py --current over SEC EDGAR; fyn_energy_current_summary.csv; price source: Nasdaq historical API close,current TTM snapshot from fyn_energy_current_summary.csv; price source: Nasdaq historical API close; real 5Y FY median norm from fyn_energy_norm_summary.csv; aggregate=median,ok
2026-09-11,2026-09-10,Energy,1.3115,pb,2.5193,2.53235,0.9948,0.1667,build_fy_norm.py --current over SEC EDGAR; fyn_energy_current_summary.csv; price source: Nasdaq historical API close,current TTM snapshot from fyn_energy_current_summary.csv; price source: Nasdaq historical API close; real 5Y FY median norm from fyn_energy_norm_summary.csv; aggregate=median,ok
2026-09-11,2026-09-10,Food & Staples,0.7167,pe,23.7478,29.336775,0.8095,0.4286,"build_fy_norm.py --current over SEC EDGAR; fyn_food_current_summary.csv; price source: Nasdaq historical API close, Nasdaq historical API close; prices-only refresh","current TTM snapshot from fyn_food_current_summary.csv; price source: Nasdaq historical API close, Nasdaq historical API close; prices-only refresh; real 5Y FY median norm from fyn_food_norm_summary.csv; aggregate=median",ok
2026-09-11,2026-09-10,Food & Staples,0.7167,ev_ebitda,14.5815,22.531525,0.6472,0.3571,"build_fy_norm.py --current over SEC EDGAR; fyn_food_current_summary.csv; price source: Nasdaq historical API close, Nasdaq historical API close; prices-only refresh","current TTM snapshot from fyn_food_current_summary.csv; price source: Nasdaq historical API close, Nasdaq historical API close; prices-only refresh; real 5Y FY median norm from fyn_food_norm_summary.csv; aggregate=median",ok
2026-09-11,2026-09-10,Food & Staples,0.7167,ps,1.9247,2.97475,0.647,0.2143,"build_fy_norm.py --current over SEC EDGAR; fyn_food_current_summary.csv; price source: Nasdaq historical API close, Nasdaq historical API close; prices-only refresh","current TTM snapshot from fyn_food_current_summary.csv; price source: Nasdaq historical API close, Nasdaq historical API close; prices-only refresh; real 5Y FY median norm from fyn_food_norm_summary.csv; aggregate=median",ok
2026-09-11,2026-09-10,Insurance,0.9268,pb,3.3347,3.3385,0.9989,0.5455,build_fy_norm.py --current over SEC EDGAR; fyn_insurance_current_summary.csv; price source: Nasdaq historical API close,current TTM snapshot from fyn_insurance_current_summary.csv; price source: Nasdaq historical API close; real 5Y FY median norm from fyn_insurance_norm_summary.csv; aggregate=median,ok
2026-09-11,2026-09-10,Insurance,0.9268,pe,13.2319,15.74505,0.8404,0.4545,build_fy_norm.py --current over SEC EDGAR; fyn_insurance_current_summary.csv; price source: Nasdaq historical API close,current TTM snapshot from fyn_insurance_current_summary.csv; price source: Nasdaq historical API close; real 5Y FY median norm from fyn_insurance_norm_summary.csv; aggregate=median,ok
2026-09-11,2026-09-10,Medtech & Life Science Tools,0.7076,pe,29.8537,39.2792,0.76,0.4286,build_fy_norm.py --current over SEC EDGAR; fyn_medical_services_current_summary.csv; price source: Nasdaq historical API close,current TTM snapshot from fyn_medical_services_current_summary.csv; price source: Nasdaq historical API close; real 5Y FY median norm from fyn_medical_services_norm_summary.csv; aggregate=median,ok
2026-09-11,2026-09-10,Medtech & Life Science Tools,0.7076,ev_ebitda,13.7991,22.25625,0.62,0.3571,build_fy_norm.py --current over SEC EDGAR; fyn_medical_services_current_summary.csv; price source: Nasdaq historical API close,current TTM snapshot from fyn_medical_services_current_summary.csv; price source: Nasdaq historical API close; real 5Y FY median norm from fyn_medical_services_norm_summary.csv; aggregate=median,ok
2026-09-11,2026-09-10,Medtech & Life Science Tools,0.7076,ps,3.56515,4.7618,0.7487,0.2143,build_fy_norm.py --current over SEC EDGAR; fyn_medical_services_current_summary.csv; price source: Nasdaq historical API close,current TTM snapshot from fyn_medical_services_current_summary.csv; price source: Nasdaq historical API close; real 5Y FY median norm from fyn_medical_services_norm_summary.csv; aggregate=median,ok
2026-02-28,2026-02-27,Mining,1.6366,ev_ebitda,11.8009,8.865475,1.3311,0.2941,compute_sector_scores.py over SEC EDGAR fundamentals,real 5Y FY median norm from fyn_mining_norm_summary.csv; aggregate=median,ok
2026-02-28,2026-02-27,Mining,1.6366,fcf_yield,0.019356,0.049783,2.572,0.2353,compute_sector_scores.py over SEC EDGAR fundamentals,real 5Y FY median norm from fyn_mining_norm_summary.csv; aggregate=median,ok
2026-02-28,2026-02-27,Mining,1.6366,pb,4.1759,2.6303,1.5876,0.2353,compute_sector_scores.py over SEC EDGAR fundamentals,real 5Y FY median norm from fyn_mining_norm_summary.csv; aggregate=median,ok
2026-02-28,2026-02-27,Mining,1.6366,pe,23.5657,20.8176,1.132,0.2353,compute_sector_scores.py over SEC EDGAR fundamentals,real 5Y FY median norm from fyn_mining_norm_summary.csv; aggregate=median,ok
2026-03-10,2026-03-10,Mining,1.4902,ev_ebitda,10.8693,8.865475,1.226,0.2941,compute_sector_scores.py over SEC EDGAR fundamentals,real 5Y FY median norm from fyn_mining_norm_summary.csv; aggregate=median,ok
2026-03-10,2026-03-10,Mining,1.4902,fcf_yield,0.021541,0.049783,2.3111,0.2353,compute_sector_scores.py over SEC EDGAR fundamentals,real 5Y FY median norm from fyn_mining_norm_summary.csv; aggregate=median,ok
2026-03-10,2026-03-10,Mining,1.4902,pb,3.8193,2.6303,1.452,0.2353,compute_sector_scores.py over SEC EDGAR fundamentals,real 5Y FY median norm from fyn_mining_norm_summary.csv; aggregate=median,ok
2026-03-10,2026-03-10,Mining,1.4902,pe,21.5996,20.8176,1.0376,0.2353,compute_sector_scores.py over SEC EDGAR fundamentals,real 5Y FY median norm from fyn_mining_norm_summary.csv; aggregate=median,ok
2026-03-20,2026-03-20,Mining,1.2069,ev_ebitda,9.1781,8.865475,1.0353,0.2941,compute_sector_scores.py over SEC EDGAR fundamentals,real 5Y FY median norm from fyn_mining_norm_summary.csv; aggregate=median,ok
2026-03-20,2026-03-20,Mining,1.2069,fcf_yield,0.02767,0.049783,1.7992,0.2353,compute_sector_scores.py over SEC EDGAR fundamentals,real 5Y FY median norm from fyn_mining_norm_summary.csv; aggregate=median,ok
2026-03-20,2026-03-20,Mining,1.2069,pb,3.0773,2.6303,1.1699,0.2353,compute_sector_scores.py over SEC EDGAR fundamentals,real 5Y FY median norm from fyn_mining_norm_summary.csv; aggregate=median,ok
2026-03-20,2026-03-20,Mining,1.2069,pe,18.0308,20.8176,0.8661,0.2353,compute_sector_scores.py over SEC EDGAR fundamentals,real 5Y FY median norm from fyn_mining_norm_summary.csv; aggregate=median,ok
2026-03-30,2026-03-30,Mining,1.2701,ev_ebitda,9.598,8.865475,1.0826,0.2941,compute_sector_scores.py over SEC EDGAR fundamentals,real 5Y FY median norm from fyn_mining_norm_summary.csv; aggregate=median,ok
2026-03-30,2026-03-30,Mining,1.2701,fcf_yield,0.026528,0.049783,1.8766,0.2353,compute_sector_scores.py over SEC EDGAR fundamentals,real 5Y FY median norm from fyn_mining_norm_summary.csv; aggregate=median,ok
2026-03-30,2026-03-30,Mining,1.2701,pb,3.3124,2.6303,1.2593,0.2353,compute_sector_scores.py over SEC EDGAR fundamentals,real 5Y FY median norm from fyn_mining_norm_summary.csv; aggregate=median,ok
2026-03-30,2026-03-30,Mining,1.2701,pe,18.9169,20.8176,0.9087,0.2353,compute_sector_scores.py over SEC EDGAR fundamentals,real 5Y FY median norm from fyn_mining_norm_summary.csv; aggregate=median,ok
2026-04-10,2026-04-10,Mining,1.5365,ev_ebitda,11.755,8.865475,1.3259,0.2941,compute_sector_scores.py over SEC EDGAR fundamentals,real 5Y FY median norm from fyn_mining_norm_summary.csv; aggregate=median,ok
2026-04-10,2026-04-10,Mining,1.5365,fcf_yield,0.021943,0.049783,2.2687,0.2353,compute_sector_scores.py over SEC EDGAR fundamentals,real 5Y FY median norm from fyn_mining_norm_summary.csv; aggregate=median,ok
2026-04-10,2026-04-10,Mining,1.5365,pb,3.8835,2.6303,1.4764,0.2353,compute_sector_scores.py over SEC EDGAR fundamentals,real 5Y FY median norm from fyn_mining_norm_summary.csv; aggregate=median,ok
2026-04-10,2026-04-10,Mining,1.5365,pe,23.4688,20.8176,1.1274,0.2353,compute_sector_scores.py over SEC EDGAR fundamentals,real 5Y FY median norm from fyn_mining_norm_summary.csv; aggregate=median,ok
2026-04-20,2026-04-20,Mining,1.5363,ev_ebitda,12.1454,8.865475,1.37,0.2941,compute_sector_scores.py over SEC EDGAR fundamentals,real 5Y FY median norm from fyn_mining_norm_summary.csv; aggregate=median,ok
2026-04-20,2026-04-20,Mining,1.5363,fcf_yield,0.022151,0.049783,2.2474,0.2353,compute_sector_scores.py over SEC EDGAR fundamentals,real 5Y FY median norm from fyn_mining_norm_summary.csv; aggregate=median,ok
2026-04-20,2026-04-20,Mining,1.5363,pb,3.6889,2.6303,1.4025,0.2353,compute_sector_scores.py over SEC EDGAR fundamentals,real 5Y FY median norm from fyn_mining_norm_summary.csv; aggregate=median,ok
2026-04-20,2026-04-20,Mining,1.5363,pe,24.2926,20.8176,1.1669,0.2353,compute_sector_scores.py over SEC EDGAR fundamentals,real 5Y FY median norm from fyn_mining_norm_summary.csv; aggregate=median,ok
2026-04-30,2026-04-30,Mining,1.25,ev_ebitda,10.1114,8.865475,1.1405,0.2941,compute_sector_scores.py over SEC EDGAR fundamentals,real 5Y FY median norm from fyn_mining_norm_summary.csv; aggregate=median,ok
2026-04-30,2026-04-30,Mining,1.25,fcf_yield,0.030449,0.049783,1.635,0.2353,compute_sector_scores.py over SEC EDGAR fundamentals,real 5Y FY median norm from fyn_mining_norm_summary.csv; aggregate=median,ok
2026-04-30,2026-04-30,Mining,1.25,pb,3.3956,2.6303,1.291,0.2353,compute_sector_scores.py over SEC EDGAR fundamentals,real 5Y FY median norm from fyn_mining_norm_summary.csv; aggregate=median,ok
2026-04-30,2026-04-30,Mining,1.25,pe,20.0004,20.8176,0.9607,0.2353,compute_sector_scores.py over SEC EDGAR fundamentals,real 5Y FY median norm from fyn_mining_norm_summary.csv; aggregate=median,ok
2026-05-10,2026-05-08,Mining,1.2692,ev_ebitda,9.7784,8.865475,1.103,0.2941,compute_sector_scores.py over SEC EDGAR fundamentals,real 5Y FY median norm from fyn_mining_norm_summary.csv; aggregate=median,ok
2026-05-10,2026-05-08,Mining,1.2692,fcf_yield,0.028215,0.049783,1.7644,0.2353,compute_sector_scores.py over SEC EDGAR fundamentals,real 5Y FY median norm from fyn_mining_norm_summary.csv; aggregate=median,ok
2026-05-10,2026-05-08,Mining,1.2692,pb,3.5613,2.6303,1.354,0.2353,compute_sector_scores.py over SEC EDGAR fundamentals,real 5Y FY median norm from fyn_mining_norm_summary.csv; aggregate=median,ok
2026-05-10,2026-05-08,Mining,1.2692,pe,18.6737,20.8176,0.897,0.2353,compute_sector_scores.py over SEC EDGAR fundamentals,real 5Y FY median norm from fyn_mining_norm_summary.csv; aggregate=median,ok
2026-05-20,2026-05-20,Mining,1.1721,ev_ebitda,9.6621,8.865475,1.0899,0.2941,compute_sector_scores.py over SEC EDGAR fundamentals,real 5Y FY median norm from fyn_mining_norm_summary.csv; aggregate=median,ok
2026-05-20,2026-05-20,Mining,1.1721,fcf_yield,0.029732,0.049783,1.6744,0.2353,compute_sector_scores.py over SEC EDGAR fundamentals,real 5Y FY median norm from fyn_mining_norm_summary.csv; aggregate=median,ok
2026-05-20,2026-05-20,Mining,1.1721,pb,3.2825,2.6303,1.248,0.2353,compute_sector_scores.py over SEC EDGAR fundamentals,real 5Y FY median norm from fyn_mining_norm_summary.csv; aggregate=median,ok
2026-05-20,2026-05-20,Mining,1.1721,pe,14.5044,20.8176,0.6967,0.2353,compute_sector_scores.py over SEC EDGAR fundamentals,real 5Y FY median norm from fyn_mining_norm_summary.csv; aggregate=median,ok
2026-05-30,2026-05-29,Mining,1.2468,ev_ebitda,10.3836,8.865475,1.1712,0.2941,compute_sector_scores.py over SEC EDGAR fundamentals,real 5Y FY median norm from fyn_mining_norm_summary.csv; aggregate=median,ok
2026-05-30,2026-05-29,Mining,1.2468,fcf_yield,0.027058,0.049783,1.8399,0.2353,compute_sector_scores.py over SEC EDGAR fundamentals,real 5Y FY median norm from fyn_mining_norm_summary.csv; aggregate=median,ok
2026-05-30,2026-05-29,Mining,1.2468,pb,3.3565,2.6303,1.2761,0.2353,compute_sector_scores.py over SEC EDGAR fundamentals,real 5Y FY median norm from fyn_mining_norm_summary.csv; aggregate=median,ok
2026-05-30,2026-05-29,Mining,1.2468,pe,14.9642,20.8176,0.7188,0.2353,compute_sector_scores.py over SEC EDGAR fundamentals,real 5Y FY median norm from fyn_mining_norm_summary.csv; aggregate=median,ok
2026-09-11,2026-09-10,Mining,1.6207,ev_ebitda,14.1877,8.865475,1.6003,0.2941,build_fy_norm.py --current over SEC EDGAR; fyn_mining_current_summary.csv; price source: Nasdaq historical API close,current TTM snapshot from fyn_mining_current_summary.csv; price source: Nasdaq historical API close; real 5Y FY median norm from fyn_mining_norm_summary.csv; aggregate=median,ok
2026-09-11,2026-09-10,Mining,1.6207,fcf_yield,0.031488,0.049783,1.581,0.2353,build_fy_norm.py --current over SEC EDGAR; fyn_mining_current_summary.csv; price source: Nasdaq historical API close,current TTM snapshot from fyn_mining_current_summary.csv; price source: Nasdaq historical API close; real 5Y FY median norm from fyn_mining_norm_summary.csv; aggregate=median,ok
2026-09-11,2026-09-10,Mining,1.6207,pb,5.0852,2.6303,1.9333,0.2353,build_fy_norm.py --current over SEC EDGAR; fyn_mining_current_summary.csv; price source: Nasdaq historical API close,current TTM snapshot from fyn_mining_current_summary.csv; price source: Nasdaq historical API close; real 5Y FY median norm from fyn_mining_norm_summary.csv; aggregate=median,ok
2026-09-11,2026-09-10,Mining,1.6207,pe,28.5896,20.8176,1.3733,0.2353,build_fy_norm.py --current over SEC EDGAR; fyn_mining_current_summary.csv; price source: Nasdaq historical API close,current TTM snapshot from fyn_mining_current_summary.csv; price source: Nasdaq historical API close; real 5Y FY median norm from fyn_mining_norm_summary.csv; aggregate=median,ok
2026-09-12,2026-09-11,REIT,1.108,pb,2.60065,2.1321,1.2198,0.5556,build_fy_norm.py --current over SEC EDGAR; fyn_reit_current_summary.csv; price source: Nasdaq historical API close,current TTM snapshot from fyn_reit_current_summary.csv; price source: Nasdaq historical API close; real 5Y FY median norm from fyn_reit_norm_summary.csv; aggregate=median,ok
2026-09-12,2026-09-11,REIT,1.108,ps,10.4475,10.7905,0.9682,0.4444,build_fy_norm.py --current over SEC EDGAR; fyn_reit_current_summary.csv; price source: Nasdaq historical API close,current TTM snapshot from fyn_reit_current_summary.csv; price source: Nasdaq historical API close; real 5Y FY median norm from fyn_reit_norm_summary.csv; aggregate=median,ok
2026-02-28,2026-02-27,Semiconductors,1.5615,ps,10.9691,9.5615,1.1472,0.2667,compute_sector_scores.py over SEC EDGAR fundamentals,real 5Y FY median norm from fyn_semis_norm_summary.csv; aggregate=median,ok
2026-02-28,2026-02-27,Semiconductors,1.5615,pb,11.8294,8.8324,1.3393,0.2,compute_sector_scores.py over SEC EDGAR fundamentals,real 5Y FY median norm from fyn_semis_norm_summary.csv; aggregate=median,ok
2026-02-28,2026-02-27,Semiconductors,1.5615,ev_ebitda,32.3019,13.6494,2.3665,0.3333,compute_sector_scores.py over SEC EDGAR fundamentals,real 5Y FY median norm from fyn_semis_norm_summary.csv; aggregate=median,ok
2026-02-28,2026-02-27,Semiconductors,1.5615,gross_margin,0.54925,0.5524,0.9943,0.2,compute_sector_scores.py over SEC EDGAR fundamentals,real 5Y FY median norm from fyn_semis_norm_summary.csv; aggregate=median,ok
2026-03-10,2026-03-10,Semiconductors,1.5699,ps,10.7228,9.5615,1.1215,0.2667,compute_sector_scores.py over SEC EDGAR fundamentals,real 5Y FY median norm from fyn_semis_norm_summary.csv; aggregate=median,ok
2026-03-10,2026-03-10,Semiconductors,1.5699,pb,11.0124,8.8324,1.2468,0.2,compute_sector_scores.py over SEC EDGAR fundamentals,real 5Y FY median norm from fyn_semis_norm_summary.csv; aggregate=median,ok
2026-03-10,2026-03-10,Semiconductors,1.5699,ev_ebitda,33.6844,13.6494,2.4678,0.3333,compute_sector_scores.py over SEC EDGAR fundamentals,real 5Y FY median norm from fyn_semis_norm_summary.csv; aggregate=median,ok
2026-03-10,2026-03-10,Semiconductors,1.5699,gross_margin,0.54925,0.5524,0.9943,0.2,compute_sector_scores.py over SEC EDGAR fundamentals,real 5Y FY median norm from fyn_semis_norm_summary.csv; aggregate=median,ok
2026-03-20,2026-03-20,Semiconductors,1.4822,ps,9.6078,9.5615,1.0048,0.2667,compute_sector_scores.py over SEC EDGAR fundamentals,real 5Y FY median norm from fyn_semis_norm_summary.csv; aggregate=median,ok
2026-03-20,2026-03-20,Semiconductors,1.4822,pb,10.4397,8.8324,1.182,0.2,compute_sector_scores.py over SEC EDGAR fundamentals,real 5Y FY median norm from fyn_semis_norm_summary.csv; aggregate=median,ok
2026-03-20,2026-03-20,Semiconductors,1.4822,ev_ebitda,31.4829,13.6494,2.3065,0.3333,compute_sector_scores.py over SEC EDGAR fundamentals,real 5Y FY median norm from fyn_semis_norm_summary.csv; aggregate=median,ok
2026-03-20,2026-03-20,Semiconductors,1.4822,gross_margin,0.5773,0.5524,1.0451,0.2,compute_sector_scores.py over SEC EDGAR fundamentals,real 5Y FY median norm from fyn_semis_norm_summary.csv; aggregate=median,ok
2026-03-30,2026-03-30,Semiconductors,1.4466,ps,9.5682,9.5615,1.0007,0.2667,compute_sector_scores.py over SEC EDGAR fundamentals,real 5Y FY median norm from fyn_semis_norm_summary.csv; aggregate=median,ok
2026-03-30,2026-03-30,Semiconductors,1.4466,pb,10.3967,8.8324,1.1771,0.2,compute_sector_scores.py over SEC EDGAR fundamentals,real 5Y FY median norm from fyn_semis_norm_summary.csv; aggregate=median,ok
2026-03-30,2026-03-30,Semiconductors,1.4466,ev_ebitda,30.1095,13.6494,2.2059,0.3333,compute_sector_scores.py over SEC EDGAR fundamentals,real 5Y FY median norm from fyn_semis_norm_summary.csv; aggregate=median,ok
2026-03-30,2026-03-30,Semiconductors,1.4466,gross_margin,0.5773,0.5524,1.0451,0.2,compute_sector_scores.py over SEC EDGAR fundamentals,real 5Y FY median norm from fyn_semis_norm_summary.csv; aggregate=median,ok
2026-04-10,2026-04-10,Semiconductors,1.6417,ps,11.5337,9.5615,1.2063,0.2667,compute_sector_scores.py over SEC EDGAR fundamentals,real 5Y FY median norm from fyn_semis_norm_summary.csv; aggregate=median,ok
2026-04-10,2026-04-10,Semiconductors,1.6417,pb,11.9756,8.8324,1.3559,0.2,compute_sector_scores.py over SEC EDGAR fundamentals,real 5Y FY median norm from fyn_semis_norm_summary.csv; aggregate=median,ok
2026-04-10,2026-04-10,Semiconductors,1.6417,ev_ebitda,34.3884,13.6494,2.5194,0.3333,compute_sector_scores.py over SEC EDGAR fundamentals,real 5Y FY median norm from fyn_semis_norm_summary.csv; aggregate=median,ok
2026-04-10,2026-04-10,Semiconductors,1.6417,gross_margin,0.5773,0.5524,1.0451,0.2,compute_sector_scores.py over SEC EDGAR fundamentals,real 5Y FY median norm from fyn_semis_norm_summary.csv; aggregate=median,ok
2026-04-20,2026-04-20,Semiconductors,1.7647,ps,12.9415,9.5615,1.3535,0.2667,compute_sector_scores.py over SEC EDGAR fundamentals,real 5Y FY median norm from fyn_semis_norm_summary.csv; aggregate=median,ok
2026-04-20,2026-04-20,Semiconductors,1.7647,pb,13.0335,8.8324,1.4756,0.2,compute_sector_scores.py over SEC EDGAR fundamentals,real 5Y FY median norm from fyn_semis_norm_summary.csv; aggregate=median,ok
2026-04-20,2026-04-20,Semiconductors,1.7647,ev_ebitda,36.838,13.6494,2.6989,0.3333,compute_sector_scores.py over SEC EDGAR fundamentals,real 5Y FY median norm from fyn_semis_norm_summary.csv; aggregate=median,ok
2026-04-20,2026-04-20,Semiconductors,1.7647,gross_margin,0.5773,0.5524,1.0451,0.2,compute_sector_scores.py over SEC EDGAR fundamentals,real 5Y FY median norm from fyn_semis_norm_summary.csv; aggregate=median,ok
2026-04-30,2026-04-30,Semiconductors,1.9087,ps,16.6854,9.5615,1.7451,0.2667,compute_sector_scores.py over SEC EDGAR fundamentals,real 5Y FY median norm from fyn_semis_norm_summary.csv; aggregate=median,ok
2026-04-30,2026-04-30,Semiconductors,1.9087,pb,15.2467,8.8324,1.7262,0.2,compute_sector_scores.py over SEC EDGAR fundamentals,real 5Y FY median norm from fyn_semis_norm_summary.csv; aggregate=median,ok
2026-04-30,2026-04-30,Semiconductors,1.9087,ev_ebitda,36.3838,13.6494,2.6656,0.3333,compute_sector_scores.py over SEC EDGAR fundamentals,real 5Y FY median norm from fyn_semis_norm_summary.csv; aggregate=median,ok
2026-04-30,2026-04-30,Semiconductors,1.9087,gross_margin,0.5788,0.5524,1.0478,0.2,compute_sector_scores.py over SEC EDGAR fundamentals,real 5Y FY median norm from fyn_semis_norm_summary.csv; aggregate=median,ok
2026-05-10,2026-05-08,Semiconductors,2.0451,ps,18.7831,9.5615,1.9645,0.2667,compute_sector_scores.py over SEC EDGAR fundamentals,real 5Y FY median norm from fyn_semis_norm_summary.csv; aggregate=median,ok
2026-05-10,2026-05-08,Semiconductors,2.0451,pb,15.6112,8.8324,1.7675,0.2,compute_sector_scores.py over SEC EDGAR fundamentals,real 5Y FY median norm from fyn_semis_norm_summary.csv; aggregate=median,ok
2026-05-10,2026-05-08,Semiconductors,2.0451,ev_ebitda,39.2346,13.6494,2.8745,0.3333,compute_sector_scores.py over SEC EDGAR fundamentals,real 5Y FY median norm from fyn_semis_norm_summary.csv; aggregate=median,ok
2026-05-10,2026-05-08,Semiconductors,2.0451,gross_margin,0.5788,0.5524,1.0478,0.2,compute_sector_scores.py over SEC EDGAR fundamentals,real 5Y FY median norm from fyn_semis_norm_summary.csv; aggregate=median,ok
2026-05-20,2026-05-20,Semiconductors,1.9174,ps,18.2889,9.5615,1.9128,0.2667,compute_sector_scores.py over SEC EDGAR fundamentals,real 5Y FY median norm from fyn_semis_norm_summary.csv; aggregate=median,ok
2026-05-20,2026-05-20,Semiconductors,1.9174,pb,16.5377,8.8324,1.8724,0.2,compute_sector_scores.py over SEC EDGAR fundamentals,real 5Y FY median norm from fyn_semis_norm_summary.csv; aggregate=median,ok
2026-05-20,2026-05-20,Semiconductors,1.9174,ev_ebitda,33.7123,13.6494,2.4699,0.3333,compute_sector_scores.py over SEC EDGAR fundamentals,real 5Y FY median norm from fyn_semis_norm_summary.csv; aggregate=median,ok
2026-05-20,2026-05-20,Semiconductors,1.9174,gross_margin,0.5788,0.5524,1.0478,0.2,compute_sector_scores.py over SEC EDGAR fundamentals,real 5Y FY median norm from fyn_semis_norm_summary.csv; aggregate=median,ok
2026-05-30,2026-05-29,Semiconductors,1.9411,ps,19.0278,9.5615,1.99,0.2667,compute_sector_scores.py over SEC EDGAR fundamentals,real 5Y FY median norm from fyn_semis_norm_summary.csv; aggregate=median,ok
2026-05-30,2026-05-29,Semiconductors,1.9411,pb,16.5811,8.8324,1.8773,0.2,compute_sector_scores.py over SEC EDGAR fundamentals,real 5Y FY median norm from fyn_semis_norm_summary.csv; aggregate=median,ok
2026-05-30,2026-05-29,Semiconductors,1.9411,ev_ebitda,33.7975,13.6494,2.4761,0.3333,compute_sector_scores.py over SEC EDGAR fundamentals,real 5Y FY median norm from fyn_semis_norm_summary.csv; aggregate=median,ok
2026-05-30,2026-05-29,Semiconductors,1.9411,gross_margin,0.5788,0.5524,1.0478,0.2,compute_sector_scores.py over SEC EDGAR fundamentals,real 5Y FY median norm from fyn_semis_norm_summary.csv; aggregate=median,ok
2026-09-11,2026-09-10,Semiconductors,1.3505,ps,14.7989,9.5615,1.5478,0.2667,build_fy_norm.py --current over SEC EDGAR; fyn_semis_current_summary.csv; price source: Nasdaq historical API close,current TTM snapshot from fyn_semis_current_summary.csv; price source: Nasdaq historical API close; real 5Y FY median norm from fyn_semis_norm_summary.csv; aggregate=median,ok
2026-09-11,2026-09-10,Semiconductors,1.3505,pb,12.67795,8.8324,1.4354,0.2,build_fy_norm.py --current over SEC EDGAR; fyn_semis_current_summary.csv; price source: Nasdaq historical API close,current TTM snapshot from fyn_semis_current_summary.csv; price source: Nasdaq historical API close; real 5Y FY median norm from fyn_semis_norm_summary.csv; aggregate=median,ok
2026-09-11,2026-09-10,Semiconductors,1.3505,ev_ebitda,16.4495,13.6494,1.2051,0.3333,build_fy_norm.py --current over SEC EDGAR; fyn_semis_current_summary.csv; price source: Nasdaq historical API close,current TTM snapshot from fyn_semis_current_summary.csv; price source: Nasdaq historical API close; real 5Y FY median norm from fyn_semis_norm_summary.csv; aggregate=median,ok
2026-09-11,2026-09-10,Semiconductors,1.3505,gross_margin,0.6877,0.5524,1.2449,0.2,build_fy_norm.py --current over SEC EDGAR; fyn_semis_current_summary.csv; price source: Nasdaq historical API close,current TTM snapshot from fyn_semis_current_summary.csv; price source: Nasdaq historical API close; real 5Y FY median norm from fyn_semis_norm_summary.csv; aggregate=median,ok
2026-09-11,2026-09-10,Solar,0.9062,ev_ebitda,16.65395,17.5212,0.9505,0.4286,build_fy_norm.py --current over SEC EDGAR; fyn_solar_current_summary.csv; price source: Nasdaq historical API close,current TTM snapshot from fyn_solar_current_summary.csv; price source: Nasdaq historical API close; real 5Y FY median norm from fyn_solar_norm_summary.csv; aggregate=median,ok
2026-09-11,2026-09-10,Solar,0.9062,ps,2.0541,2.22385,0.9237,0.3571,build_fy_norm.py --current over SEC EDGAR; fyn_solar_current_summary.csv; price source: Nasdaq historical API close,current TTM snapshot from fyn_solar_current_summary.csv; price source: Nasdaq historical API close; real 5Y FY median norm from fyn_solar_norm_summary.csv; aggregate=median,ok
2026-09-11,2026-09-10,Solar,0.9062,pb,2.1573,2.7363,0.7884,0.2143,build_fy_norm.py --current over SEC EDGAR; fyn_solar_current_summary.csv; price source: Nasdaq historical API close,current TTM snapshot from fyn_solar_current_summary.csv; price source: Nasdaq historical API close; real 5Y FY median norm from fyn_solar_norm_summary.csv; aggregate=median,ok
2026-02-28,2026-02-27,Technology,0.8388,pe,25.2725,29.9334,0.8443,0.2857,compute_sector_scores.py over SEC EDGAR fundamentals,real 5Y FY median norm from fyn_technology_norm_summary.csv; aggregate=median,ok
2026-02-28,2026-02-27,Technology,0.8388,ev_ebitda,16.6555,25.3627,0.6567,0.2857,compute_sector_scores.py over SEC EDGAR fundamentals,real 5Y FY median norm from fyn_technology_norm_summary.csv; aggregate=median,ok
2026-02-28,2026-02-27,Technology,0.8388,ps,8.302,8.3009,1.0001,0.2857,compute_sector_scores.py over SEC EDGAR fundamentals,real 5Y FY median norm from fyn_technology_norm_summary.csv; aggregate=median,ok
2026-02-28,2026-02-27,Technology,0.8388,fcf_yield,0.040503,0.035209,0.8693,0.1429,compute_sector_scores.py over SEC EDGAR fundamentals,real 5Y FY median norm from fyn_technology_norm_summary.csv; aggregate=median,ok
2026-03-10,2026-03-10,Technology,0.8551,pe,25.2639,29.9334,0.844,0.2857,compute_sector_scores.py over SEC EDGAR fundamentals,real 5Y FY median norm from fyn_technology_norm_summary.csv; aggregate=median,ok
2026-03-10,2026-03-10,Technology,0.8551,ev_ebitda,17.0054,25.3627,0.6705,0.2857,compute_sector_scores.py over SEC EDGAR fundamentals,real 5Y FY median norm from fyn_technology_norm_summary.csv; aggregate=median,ok
2026-03-10,2026-03-10,Technology,0.8551,ps,8.3774,8.3009,1.0092,0.2857,compute_sector_scores.py over SEC EDGAR fundamentals,real 5Y FY median norm from fyn_technology_norm_summary.csv; aggregate=median,ok
2026-03-10,2026-03-10,Technology,0.8551,fcf_yield,0.037516,0.035209,0.9385,0.1429,compute_sector_scores.py over SEC EDGAR fundamentals,real 5Y FY median norm from fyn_technology_norm_summary.csv; aggregate=median,ok
2026-03-20,2026-03-20,Technology,0.7993,pe,24.1834,29.9334,0.8079,0.2857,compute_sector_scores.py over SEC EDGAR fundamentals,real 5Y FY median norm from fyn_technology_norm_summary.csv; aggregate=median,ok
2026-03-20,2026-03-20,Technology,0.7993,ev_ebitda,15.96125,25.3627,0.6293,0.2857,compute_sector_scores.py over SEC EDGAR fundamentals,real 5Y FY median norm from fyn_technology_norm_summary.csv; aggregate=median,ok
2026-03-20,2026-03-20,Technology,0.7993,ps,7.6037,8.3009,0.916,0.2857,compute_sector_scores.py over SEC EDGAR fundamentals,real 5Y FY median norm from fyn_technology_norm_summary.csv; aggregate=median,ok
2026-03-20,2026-03-20,Technology,0.7993,fcf_yield,0.039634,0.035209,0.8884,0.1429,compute_sector_scores.py over SEC EDGAR fundamentals,real 5Y FY median norm from fyn_technology_norm_summary.csv; aggregate=median,ok
2026-03-30,2026-03-30,Technology,0.745,pe,22.8364,29.9334,0.7629,0.2857,compute_sector_scores.py over SEC EDGAR fundamentals,real 5Y FY median norm from fyn_technology_norm_summary.csv; aggregate=median,ok
2026-03-30,2026-03-30,Technology,0.745,ev_ebitda,15.07715,25.3627,0.5945,0.2857,compute_sector_scores.py over SEC EDGAR fundamentals,real 5Y FY median norm from fyn_technology_norm_summary.csv; aggregate=median,ok
2026-03-30,2026-03-30,Technology,0.745,ps,6.87,8.3009,0.8276,0.2857,compute_sector_scores.py over SEC EDGAR fundamentals,real 5Y FY median norm from fyn_technology_norm_summary.csv; aggregate=median,ok
2026-03-30,2026-03-30,Technology,0.745,fcf_yield,0.041676,0.035209,0.8448,0.1429,compute_sector_scores.py over SEC EDGAR fundamentals,real 5Y FY median norm from fyn_technology_norm_summary.csv; aggregate=median,ok
2026-04-10,2026-04-10,Technology,0.7207,pe,23.0915,29.9334,0.7714,0.2857,compute_sector_scores.py over SEC EDGAR fundamentals,real 5Y FY median norm from fyn_technology_norm_summary.csv; aggregate=median,ok
2026-04-10,2026-04-10,Technology,0.7207,ev_ebitda,15.9613,25.3627,0.6293,0.2857,compute_sector_scores.py over SEC EDGAR fundamentals,real 5Y FY median norm from fyn_technology_norm_summary.csv; aggregate=median,ok
2026-04-10,2026-04-10,Technology,0.7207,ps,6.5385,8.3009,0.7877,0.2857,compute_sector_scores.py over SEC EDGAR fundamentals,real 5Y FY median norm from fyn_technology_norm_summary.csv; aggregate=median,ok
2026-04-10,2026-04-10,Technology,0.7207,fcf_yield,0.052708,0.035209,0.668,0.1429,compute_sector_scores.py over SEC EDGAR fundamentals,real 5Y FY median norm from fyn_technology_norm_summary.csv; aggregate=median,ok
2026-04-20,2026-04-20,Technology,0.8304,pe,26.0304,29.9334,0.8696,0.2857,compute_sector_scores.py over SEC EDGAR fundamentals,real 5Y FY median norm from fyn_technology_norm_summary.csv; aggregate=median,ok
2026-04-20,2026-04-20,Technology,0.8304,ev_ebitda,17.4786,25.3627,0.6891,0.2857,compute_sector_scores.py over SEC EDGAR fundamentals,real 5Y FY median norm from fyn_technology_norm_summary.csv; aggregate=median,ok
2026-04-20,2026-04-20,Technology,0.8304,ps,7.8556,8.3009,0.9464,0.2857,compute_sector_scores.py over SEC EDGAR fundamentals,real 5Y FY median norm from fyn_technology_norm_summary.csv; aggregate=median,ok
2026-04-20,2026-04-20,Technology,0.8304,fcf_yield,0.04387,0.035209,0.8026,0.1429,compute_sector_scores.py over SEC EDGAR fundamentals,real 5Y FY median norm from fyn_technology_norm_summary.csv; aggregate=median,ok
2026-04-30,2026-04-30,Technology,0.7108,pe,22.227,29.9334,0.7425,0.2857,compute_sector_scores.py over SEC EDGAR fundamentals,real 5Y FY median norm from fyn_technology_norm_summary.csv; aggregate=median,ok
2026-04-30,2026-04-30,Technology,0.7108,ev_ebitda,15.5625,25.3627,0.6136,0.2857,compute_sector_scores.py over SEC EDGAR fundamentals,real 5Y FY median norm from fyn_technology_norm_summary.csv; aggregate=median,ok
2026-04-30,2026-04-30,Technology,0.7108,ps,6.522,8.3009,0.7857,0.2857,compute_sector_scores.py over SEC EDGAR fundamentals,real 5Y FY median norm from fyn_technology_norm_summary.csv; aggregate=median,ok
2026-04-30,2026-04-30,Technology,0.7108,fcf_yield,0.050885,0.035209,0.6919,0.1429,compute_sector_scores.py over SEC EDGAR fundamentals,real 5Y FY median norm from fyn_technology_norm_summary.csv; aggregate=median,ok
2026-05-10,2026-05-08,Technology,0.7253,pe,22.505,29.9334,0.7518,0.2857,compute_sector_scores.py over SEC EDGAR fundamentals,real 5Y FY median norm from fyn_technology_norm_summary.csv; aggregate=median,ok
2026-05-10,2026-05-08,Technology,0.7253,ev_ebitda,15.68385,25.3627,0.6184,0.2857,compute_sector_scores.py over SEC EDGAR fundamentals,real 5Y FY median norm from fyn_technology_norm_summary.csv; aggregate=median,ok
2026-05-10,2026-05-08,Technology,0.7253,ps,6.734,8.3009,0.8112,0.2857,compute_sector_scores.py over SEC EDGAR fundamentals,real 5Y FY median norm from fyn_technology_norm_summary.csv; aggregate=median,ok
2026-05-10,2026-05-08,Technology,0.7253,fcf_yield,0.049284,0.035209,0.7144,0.1429,compute_sector_scores.py over SEC EDGAR fundamentals,real 5Y FY median norm from fyn_technology_norm_summary.csv; aggregate=median,ok
2026-05-20,2026-05-20,Technology,0.7542,pe,22.2921,29.9334,0.7447,0.2857,compute_sector_scores.py over SEC EDGAR fundamentals,real 5Y FY median norm from fyn_technology_norm_summary.csv; aggregate=median,ok
2026-05-20,2026-05-20,Technology,0.7542,ev_ebitda,15.74925,25.3627,0.621,0.2857,compute_sector_scores.py over SEC EDGAR fundamentals,real 5Y FY median norm from fyn_technology_norm_summary.csv; aggregate=median,ok
2026-05-20,2026-05-20,Technology,0.7542,ps,7.2169,8.3009,0.8694,0.2857,compute_sector_scores.py over SEC EDGAR fundamentals,real 5Y FY median norm from fyn_technology_norm_summary.csv; aggregate=median,ok
2026-05-20,2026-05-20,Technology,0.7542,fcf_yield,0.043501,0.035209,0.8094,0.1429,compute_sector_scores.py over SEC EDGAR fundamentals,real 5Y FY median norm from fyn_technology_norm_summary.csv; aggregate=median,ok
2026-05-30,2026-05-29,Technology,0.835,pe,26.0273,29.9334,0.8695,0.2857,compute_sector_scores.py over SEC EDGAR fundamentals,real 5Y FY median norm from fyn_technology_norm_summary.csv; aggregate=median,ok
2026-05-30,2026-05-29,Technology,0.835,ev_ebitda,16.65815,25.3627,0.6568,0.2857,compute_sector_scores.py over SEC EDGAR fundamentals,real 5Y FY median norm from fyn_technology_norm_summary.csv; aggregate=median,ok
2026-05-30,2026-05-29,Technology,0.835,ps,7.5443,8.3009,0.9089,0.2857,compute_sector_scores.py over SEC EDGAR fundamentals,real 5Y FY median norm from fyn_technology_norm_summary.csv; aggregate=median,ok
2026-05-30,2026-05-29,Technology,0.835,fcf_yield,0.036132,0.035209,0.9745,0.1429,compute_sector_scores.py over SEC EDGAR fundamentals,real 5Y FY median norm from fyn_technology_norm_summary.csv; aggregate=median,ok
2026-09-11,2026-09-10,Technology,0.8502,pe,20.6985,29.9334,0.6915,0.2857,"build_fy_norm.py --current over SEC EDGAR; fyn_technology_current_summary.csv; price source: Nasdaq historical API close, Nasdaq historical API close; prices-only refresh","current TTM snapshot from fyn_technology_current_summary.csv; price source: Nasdaq historical API close, Nasdaq historical API close; prices-only refresh; real 5Y FY median norm from fyn_technology_norm_summary.csv; aggregate=median",ok
2026-09-11,2026-09-10,Technology,0.8502,ev_ebitda,22.5863,25.3627,0.8905,0.2857,"build_fy_norm.py --current over SEC EDGAR; fyn_technology_current_summary.csv; price source: Nasdaq historical API close, Nasdaq historical API close; prices-only refresh","current TTM snapshot from fyn_technology_current_summary.csv; price source: Nasdaq historical API close, Nasdaq historical API close; prices-only refresh; real 5Y FY median norm from fyn_technology_norm_summary.csv; aggregate=median",ok
2026-09-11,2026-09-10,Technology,0.8502,ps,7.2414,8.3009,0.8724,0.2857,"build_fy_norm.py --current over SEC EDGAR; fyn_technology_current_summary.csv; price source: Nasdaq historical API close, Nasdaq historical API close; prices-only refresh","current TTM snapshot from fyn_technology_current_summary.csv; price source: Nasdaq historical API close, Nasdaq historical API close; prices-only refresh; real 5Y FY median norm from fyn_technology_norm_summary.csv; aggregate=median",ok
2026-09-11,2026-09-10,Technology,0.8502,fcf_yield,0.033768,0.035209,1.0427,0.1429,"build_fy_norm.py --current over SEC EDGAR; fyn_technology_current_summary.csv; price source: Nasdaq historical API close, Nasdaq historical API close; prices-only refresh","current TTM snapshot from fyn_technology_current_summary.csv; price source: Nasdaq historical API close, Nasdaq historical API close; prices-only refresh; real 5Y FY median norm from fyn_technology_norm_summary.csv; aggregate=median",ok
2026-09-11,2026-09-10,Telecom & Streaming,0.8784,ev_ebitda,7.3435,7.3193,1.0033,0.4286,build_fy_norm.py --current over SEC EDGAR; fyn_telecom_current_summary.csv; price source: Nasdaq historical API close,current TTM snapshot from fyn_telecom_current_summary.csv; price source: Nasdaq historical API close; real 5Y FY median norm from fyn_telecom_norm_summary.csv; aggregate=median,ok
2026-09-11,2026-09-10,Telecom & Streaming,0.8784,fcf_yield,0.098739,0.05692,0.5765,0.3571,build_fy_norm.py --current over SEC EDGAR; fyn_telecom_current_summary.csv; price source: Nasdaq historical API close,current TTM snapshot from fyn_telecom_current_summary.csv; price source: Nasdaq historical API close; real 5Y FY median norm from fyn_telecom_norm_summary.csv; aggregate=median,ok
2026-09-11,2026-09-10,Telecom & Streaming,0.8784,ps,1.4948,1.3205,1.132,0.2143,build_fy_norm.py --current over SEC EDGAR; fyn_telecom_current_summary.csv; price source: Nasdaq historical API close,current TTM snapshot from fyn_telecom_current_summary.csv; price source: Nasdaq historical API close; real 5Y FY median norm from fyn_telecom_norm_summary.csv; aggregate=median,ok
2026-09-11,2026-09-10,Utilities,0.8932,pe,19.3665,19.52545,0.9919,0.4286,build_fy_norm.py --current over SEC EDGAR; fyn_utilities_current_summary.csv; price source: Nasdaq historical API close,current TTM snapshot from fyn_utilities_current_summary.csv; price source: Nasdaq historical API close; real 5Y FY median norm from fyn_utilities_norm_summary.csv; aggregate=median,ok
2026-09-11,2026-09-10,Utilities,0.8932,ev_ebitda,11.7489,15.7435,0.7463,0.3571,build_fy_norm.py --current over SEC EDGAR; fyn_utilities_current_summary.csv; price source: Nasdaq historical API close,current TTM snapshot from fyn_utilities_current_summary.csv; price source: Nasdaq historical API close; real 5Y FY median norm from fyn_utilities_norm_summary.csv; aggregate=median,ok
2026-09-11,2026-09-10,Utilities,0.8932,pb,2.1121,2.2455,0.9406,0.2143,build_fy_norm.py --current over SEC EDGAR; fyn_utilities_current_summary.csv; price source: Nasdaq historical API close,current TTM snapshot from fyn_utilities_current_summary.csv; price source: Nasdaq historical API close; real 5Y FY median norm from fyn_utilities_norm_summary.csv; aggregate=median,ok
